,code,Detailed List Numbers,Cause
0,1000,,All causes
1,1001,A00-B99,Certain infectious and parasitic diseases
2,1002,A00,Cholera
3,1003,A09,Diarrhoea and gastroenteritis of presumed infectious origin
4,1004,A01-A08,Other intestinal infectious diseases
5,1005,A15-A16,Respiratory tuberculosis
6,1006,A17-A19,Other tuberculosis
7,1007,A20,Plague
8,1008,A33-A35,Tetanus
9,1009,A36,Diphtheria
10,1010,A37,Whooping cough
11,1011,A39,Meningococcal infection
12,1012,A40-A41,Septicaemia
13,1013,A50-A64,Infections with a predominantly sexual mode of transmission
14,1014,A80,Acute poliomyelitis
15,1015,A82,Rabies
16,1016,A95,Yellow fever
17,1017,"A90-A94, A96-A99",Other arthropod-borne viral fevers and viral haemorrhagic fevers
18,1018,B05,Measles
19,1019,B15-B19,Viral hepatitis
20,1020,B20-B24,Human immunodeficiency virus [HIV] disease
21,1021,B50-B54,Malaria
22,1022,B55,Leishmaniasis
23,1023,B56-B57,Trypanosomiasis
24,1024,B65,Schistosomiasis
25,1025,"A21-A32, A38, A42-A49, A65-A79, A81, A83-A89, B00-B04, B06-B09, B25-B49, B58-B64, B66-B94, B99",Remainder of certain infectious and parasitic diseases
26,1026,C00-D48,Neoplasms
27,1027,C00-C14,"Malignant neoplasm of lip, oral cavity and pharynx"
28,1028,C15,Malignant neoplasm of oesophagus
29,1029,C16,Malignant neoplasm of stomach
30,1030,C18-C21,"Malignant neoplasm of colon, rectum and anus"
31,1031,C22,Malignant neoplasm of liver and intrahepatic bile ducts
32,1032,C25,Malignant neoplasm of pancreas
33,1033,C32,Malignant neoplasm of larynx
34,1034,C33-C34,"Malignant neoplasm of trachea, bronchus and lung"
35,1035,C43,Malignant melanoma of skin
36,1036,C50,Malignant neoplasm of breast
37,1037,C53,Malignant neoplasm of cervix uteri
38,1038,C54-C55,Malignant neoplasm of other and unspecified parts of uterus
39,1039,C56,Malignant neoplasm of ovary
40,1040,C61,Malignant neoplasm of prostate
41,1041,C67,Malignant neoplasm of bladder
42,1042,C70-C72,"Malignant neoplasm of meninges, brain and other parts of central nervous system"
43,1043,C82-C85,Non-Hodgkin's lymphoma
44,1044,C90,Multiple myeloma and malignant plasma cell neoplasms
45,1045,C91-C95,Leukaemia
46,1046,"C17, C23-C24, C26-C31, C37-C41, C44-C49, C51-C52, C57-C60, C62-C66,C68-C69,C73-C81,C88,C96-C97",Remainder of malignant neoplasms
47,1047,D00-D48,Remainder of neoplasms 
48,1048,D50-D89,Diseases of the blood and blood-forming organs and certain disorders involving the immune mechanism
49,1049,D50-D64,Anaemias
50,1050,D65-D89,Remainder of diseases of the blood and blood-forming organs and certain disorders involving the immune mechanism
51,1051,E00-E88,"Endocrine, nutritional and metabolic diseases"
52,1052,E10-E14,Diabetes mellitus
53,1053,E40-E46,Malnutrition
54,1054,"E00-E07, E15-E34, E50-E88","Remainder of endocrine, nutritional and metabolic diseases"
55,1055,F01-F99,Mental and behavioural disorders
56,1056,F10-F19,Mental and behavioural disorders due to psychoactive substance use
57,1057,F20-F99,Remainder of mental and behavioural disorders
58,1058,G00-G98,Diseases of the nervous system
59,1059,"G00, G03",Meningitis
60,1060,G30,Alzheimer's disease
61,1061,"G04-G25, G31-G98",Remainder of diseases of the nervous system
62,1062,H00-H57,Diseases of the eye and adnexa
63,1063,H60-H93,Diseases of the ear and mastoid process
64,1064,I00-I99,Diseases of the circulatory system
65,1065,I00-I09,Acute rheumatic fever and chronic rheumatic heart diseases
66,1066,I10-I13,Hypertensive diseases
67,1067,I20-I25,Ischaemic heart diseases
68,1068,I26-I51,Other heart diseases
69,1069,I60-I69,Cerebrovascular diseases
70,1070,I70,Atherosclerosis
71,1071,I71-I99,Remainder of diseases of the circulatory system
72,1072,J00-J98,Diseases of the respiratory system
73,1073,J10-J11,Influenza
74,1074,J12-J18,Pneumonia
75,1075,J20-J22,Other acute lower respiratory infections
76,1076,J40-J47,Chronic lower respiratory diseases
77,1077,"J00-J06, J30-J39, J60-J98",Remainder of diseases of the respiratory system
78,1078,K00-K92,Diseases of the digestive system
79,1079,K25-K27,Gastric and duodenal ulcer
80,1080,K70-K76,Diseases of the liver
81,1081,"K00-K22, K28-K66, K80-K92",Remainder of diseases of the digestive system
82,1082,L00-L98,Diseases of the skin and subcutaneous tissue
83,1083,M00-M99,Diseases of the musculoskeletal system and connective tissue
84,1084,N00-N98,Diseases of the genitourinary system
85,1085,N00-N15,Glomerular and renal tubulo-interstitial diseases
86,1086,N17-N98,Remainder of diseases of the genitourinary system
87,1087,O00-O99,"Pregnancy, childbirth and the puerperium"
88,1088,O00-O07,Pregnancy with abortive outcome
89,1089,O10-O92,Other direct obstetric deaths
90,1090,O98-O99,Indirect obstetric deaths
91,1091,O95-O97,"Remainder of pregnancy, childbirth and the puerperium"
92,1092,P00-P96,Certain conditions originating in the perinatal period
93,1093,Q00-Q99,"Congenital malformations, deformations and chromosomal abnormalities"
94,1094,R00-R99,"Symptoms, signs and abnormal clinical and laboratory findings, not elsewhere classified"
95,1095,V01-Y89,External causes of morbidity and mortality
96,1096,V01-V99,Transport accidents
97,1097,W00-W19,Falls
98,1098,W65-W74,Accidental drowning and submersion
99,1099,X00-X09,"Exposure to smoke, fire and flames"
100,1100,X40-X49,Accidental poisoning by and exposure to noxious substances
101,1101,X60-X84,Intentional self-harm
102,1102,X85-Y09,Assault
103,1103,"W20-W64, W75-W99, X10-X39, X50-X59, Y10-Y89",All other external causes
104,A00,,Cholera
105,A01,,Other intestinal infectious diseases
106,A02,,Other intestinal infectious diseases
107,A03,,Other intestinal infectious diseases
108,A04,,Other intestinal infectious diseases
109,A05,,Other intestinal infectious diseases
110,A06,,Other intestinal infectious diseases
111,A07,,Other intestinal infectious diseases
112,A08,,Other intestinal infectious diseases
113,A09,,Diarrhoea and gastroenteritis of presumed infectious origin
114,A10,,Certain infectious and parasitic diseases
115,A11,,Certain infectious and parasitic diseases
116,A12,,Certain infectious and parasitic diseases
117,A13,,Certain infectious and parasitic diseases
118,A14,,Certain infectious and parasitic diseases
119,A15,,Respiratory tuberculosis
120,A16,,Respiratory tuberculosis
121,A17,,Other tuberculosis
122,A18,,Other tuberculosis
123,A19,,Other tuberculosis
124,A20,,Plague
125,A21,,Remainder of certain infectious and parasitic diseases
126,A22,,Remainder of certain infectious and parasitic diseases
127,A23,,Remainder of certain infectious and parasitic diseases
128,A24,,Remainder of certain infectious and parasitic diseases
129,A25,,Remainder of certain infectious and parasitic diseases
130,A26,,Remainder of certain infectious and parasitic diseases
131,A27,,Remainder of certain infectious and parasitic diseases
132,A28,,Remainder of certain infectious and parasitic diseases
133,A29,,Remainder of certain infectious and parasitic diseases
134,A30,,Remainder of certain infectious and parasitic diseases
135,A31,,Remainder of certain infectious and parasitic diseases
136,A32,,Remainder of certain infectious and parasitic diseases
137,A33,,Tetanus
138,A34,,Tetanus
139,A35,,Tetanus
140,A36,,Diphtheria
141,A37,,Whooping cough
142,A38,,Remainder of certain infectious and parasitic diseases
143,A39,,Meningococcal infection
144,A40,,Septicaemia
145,A41,,Septicaemia
146,A42,,Remainder of certain infectious and parasitic diseases
147,A43,,Remainder of certain infectious and parasitic diseases
148,A44,,Remainder of certain infectious and parasitic diseases
149,A45,,Remainder of certain infectious and parasitic diseases
150,A46,,Remainder of certain infectious and parasitic diseases
151,A47,,Remainder of certain infectious and parasitic diseases
152,A48,,Remainder of certain infectious and parasitic diseases
153,A49,,Remainder of certain infectious and parasitic diseases
154,A50,,Infections with a predominantly sexual mode of transmission
155,A51,,Infections with a predominantly sexual mode of transmission
156,A52,,Infections with a predominantly sexual mode of transmission
157,A53,,Infections with a predominantly sexual mode of transmission
158,A54,,Infections with a predominantly sexual mode of transmission
159,A55,,Infections with a predominantly sexual mode of transmission
160,A56,,Infections with a predominantly sexual mode of transmission
161,A57,,Infections with a predominantly sexual mode of transmission
162,A58,,Infections with a predominantly sexual mode of transmission
163,A59,,Infections with a predominantly sexual mode of transmission
164,A60,,Infections with a predominantly sexual mode of transmission
165,A61,,Infections with a predominantly sexual mode of transmission
166,A62,,Infections with a predominantly sexual mode of transmission
167,A63,,Infections with a predominantly sexual mode of transmission
168,A64,,Infections with a predominantly sexual mode of transmission
169,A65,,Remainder of certain infectious and parasitic diseases
170,A66,,Remainder of certain infectious and parasitic diseases
171,A67,,Remainder of certain infectious and parasitic diseases
172,A68,,Remainder of certain infectious and parasitic diseases
173,A69,,Remainder of certain infectious and parasitic diseases
174,A70,,Remainder of certain infectious and parasitic diseases
175,A71,,Remainder of certain infectious and parasitic diseases
176,A72,,Remainder of certain infectious and parasitic diseases
177,A73,,Remainder of certain infectious and parasitic diseases
178,A74,,Remainder of certain infectious and parasitic diseases
179,A75,,Remainder of certain infectious and parasitic diseases
180,A76,,Remainder of certain infectious and parasitic diseases
181,A77,,Remainder of certain infectious and parasitic diseases
182,A78,,Remainder of certain infectious and parasitic diseases
183,A79,,Remainder of certain infectious and parasitic diseases
184,A80,,Acute poliomyelitis
185,A81,,Remainder of certain infectious and parasitic diseases
186,A82,,Rabies
187,A83,,Remainder of certain infectious and parasitic diseases
188,A84,,Remainder of certain infectious and parasitic diseases
189,A85,,Remainder of certain infectious and parasitic diseases
190,A86,,Remainder of certain infectious and parasitic diseases
191,A87,,Remainder of certain infectious and parasitic diseases
192,A88,,Remainder of certain infectious and parasitic diseases
193,A89,,Remainder of certain infectious and parasitic diseases
194,A90,,Other arthropod-borne viral fevers and viral haemorrhagic fevers
195,A91,,Other arthropod-borne viral fevers and viral haemorrhagic fevers
196,A92,,Other arthropod-borne viral fevers and viral haemorrhagic fevers
197,A93,,Other arthropod-borne viral fevers and viral haemorrhagic fevers
198,A94,,Other arthropod-borne viral fevers and viral haemorrhagic fevers
199,A95,,Yellow fever
200,A96,,Other arthropod-borne viral fevers and viral haemorrhagic fevers
201,A97,,Other arthropod-borne viral fevers and viral haemorrhagic fevers
202,A98,,Other arthropod-borne viral fevers and viral haemorrhagic fevers
203,A99,,Other arthropod-borne viral fevers and viral haemorrhagic fevers
204,B00,,Remainder of certain infectious and parasitic diseases
205,B01,,Remainder of certain infectious and parasitic diseases
206,B02,,Remainder of certain infectious and parasitic diseases
207,B03,,Remainder of certain infectious and parasitic diseases
208,B04,,Remainder of certain infectious and parasitic diseases
209,B05,,Measles
210,B06,,Remainder of certain infectious and parasitic diseases
211,B07,,Remainder of certain infectious and parasitic diseases
212,B08,,Remainder of certain infectious and parasitic diseases
213,B09,,Remainder of certain infectious and parasitic diseases
214,B10,,Certain infectious and parasitic diseases
215,B11,,Certain infectious and parasitic diseases
216,B12,,Certain infectious and parasitic diseases
217,B13,,Certain infectious and parasitic diseases
218,B14,,Certain infectious and parasitic diseases
219,B15,,Viral hepatitis
220,B16,,Viral hepatitis
221,B17,,Viral hepatitis
222,B18,,Viral hepatitis
223,B19,,Viral hepatitis
224,B20,,Human immunodeficiency virus [HIV] disease
225,B21,,Human immunodeficiency virus [HIV] disease
226,B22,,Human immunodeficiency virus [HIV] disease
227,B23,,Human immunodeficiency virus [HIV] disease
228,B24,,Human immunodeficiency virus [HIV] disease
229,B25,,Remainder of certain infectious and parasitic diseases
230,B26,,Remainder of certain infectious and parasitic diseases
231,B27,,Remainder of certain infectious and parasitic diseases
232,B28,,Remainder of certain infectious and parasitic diseases
233,B29,,Remainder of certain infectious and parasitic diseases
234,B30,,Remainder of certain infectious and parasitic diseases
235,B31,,Remainder of certain infectious and parasitic diseases
236,B32,,Remainder of certain infectious and parasitic diseases
237,B33,,Remainder of certain infectious and parasitic diseases
238,B34,,Remainder of certain infectious and parasitic diseases
239,B35,,Remainder of certain infectious and parasitic diseases
240,B36,,Remainder of certain infectious and parasitic diseases
241,B37,,Remainder of certain infectious and parasitic diseases
242,B38,,Remainder of certain infectious and parasitic diseases
243,B39,,Remainder of certain infectious and parasitic diseases
244,B40,,Remainder of certain infectious and parasitic diseases
245,B41,,Remainder of certain infectious and parasitic diseases
246,B42,,Remainder of certain infectious and parasitic diseases
247,B43,,Remainder of certain infectious and parasitic diseases
248,B44,,Remainder of certain infectious and parasitic diseases
249,B45,,Remainder of certain infectious and parasitic diseases
250,B46,,Remainder of certain infectious and parasitic diseases
251,B47,,Remainder of certain infectious and parasitic diseases
252,B48,,Remainder of certain infectious and parasitic diseases
253,B49,,Remainder of certain infectious and parasitic diseases
254,B50,,Malaria
255,B51,,Malaria
256,B52,,Malaria
257,B53,,Malaria
258,B54,,Malaria
259,B55,,Leishmaniasis
260,B56,,Trypanosomiasis
261,B57,,Trypanosomiasis
262,B58,,Remainder of certain infectious and parasitic diseases
263,B59,,Remainder of certain infectious and parasitic diseases
264,B60,,Remainder of certain infectious and parasitic diseases
265,B61,,Remainder of certain infectious and parasitic diseases
266,B62,,Remainder of certain infectious and parasitic diseases
267,B63,,Remainder of certain infectious and parasitic diseases
268,B64,,Remainder of certain infectious and parasitic diseases
269,B65,,Schistosomiasis
270,B66,,Remainder of certain infectious and parasitic diseases
271,B67,,Remainder of certain infectious and parasitic diseases
272,B68,,Remainder of certain infectious and parasitic diseases
273,B69,,Remainder of certain infectious and parasitic diseases
274,B70,,Remainder of certain infectious and parasitic diseases
275,B71,,Remainder of certain infectious and parasitic diseases
276,B72,,Remainder of certain infectious and parasitic diseases
277,B73,,Remainder of certain infectious and parasitic diseases
278,B74,,Remainder of certain infectious and parasitic diseases
279,B75,,Remainder of certain infectious and parasitic diseases
280,B76,,Remainder of certain infectious and parasitic diseases
281,B77,,Remainder of certain infectious and parasitic diseases
282,B78,,Remainder of certain infectious and parasitic diseases
283,B79,,Remainder of certain infectious and parasitic diseases
284,B80,,Remainder of certain infectious and parasitic diseases
285,B81,,Remainder of certain infectious and parasitic diseases
286,B82,,Remainder of certain infectious and parasitic diseases
287,B83,,Remainder of certain infectious and parasitic diseases
288,B84,,Remainder of certain infectious and parasitic diseases
289,B85,,Remainder of certain infectious and parasitic diseases
290,B86,,Remainder of certain infectious and parasitic diseases
291,B87,,Remainder of certain infectious and parasitic diseases
292,B88,,Remainder of certain infectious and parasitic diseases
293,B89,,Remainder of certain infectious and parasitic diseases
294,B90,,Remainder of certain infectious and parasitic diseases
295,B91,,Remainder of certain infectious and parasitic diseases
296,B92,,Remainder of certain infectious and parasitic diseases
297,B93,,Remainder of certain infectious and parasitic diseases
298,B94,,Remainder of certain infectious and parasitic diseases
299,B95,,Certain infectious and parasitic diseases
300,B96,,Certain infectious and parasitic diseases
301,B97,,Certain infectious and parasitic diseases
302,B98,,Certain infectious and parasitic diseases
303,B99,,Remainder of certain infectious and parasitic diseases
304,C00,,"Malignant neoplasm of lip, oral cavity and pharynx"
305,C01,,"Malignant neoplasm of lip, oral cavity and pharynx"
306,C02,,"Malignant neoplasm of lip, oral cavity and pharynx"
307,C03,,"Malignant neoplasm of lip, oral cavity and pharynx"
308,C04,,"Malignant neoplasm of lip, oral cavity and pharynx"
309,C05,,"Malignant neoplasm of lip, oral cavity and pharynx"
310,C06,,"Malignant neoplasm of lip, oral cavity and pharynx"
311,C07,,"Malignant neoplasm of lip, oral cavity and pharynx"
312,C08,,"Malignant neoplasm of lip, oral cavity and pharynx"
313,C09,,"Malignant neoplasm of lip, oral cavity and pharynx"
314,C10,,"Malignant neoplasm of lip, oral cavity and pharynx"
315,C11,,"Malignant neoplasm of lip, oral cavity and pharynx"
316,C12,,"Malignant neoplasm of lip, oral cavity and pharynx"
317,C13,,"Malignant neoplasm of lip, oral cavity and pharynx"
318,C14,,"Malignant neoplasm of lip, oral cavity and pharynx"
319,C15,,Malignant neoplasm of oesophagus
320,C16,,Malignant neoplasm of stomach
321,C17,,Remainder of malignant neoplasms
322,C18,,"Malignant neoplasm of colon, rectum and anus"
323,C19,,"Malignant neoplasm of colon, rectum and anus"
324,C20,,"Malignant neoplasm of colon, rectum and anus"
325,C21,,"Malignant neoplasm of colon, rectum and anus"
326,C22,,Malignant neoplasm of liver and intrahepatic bile ducts
327,C23,,Remainder of malignant neoplasms
328,C24,,Remainder of malignant neoplasms
329,C25,,Malignant neoplasm of pancreas
330,C26,,Remainder of malignant neoplasms
331,C27,,Remainder of malignant neoplasms
332,C28,,Remainder of malignant neoplasms
333,C29,,Remainder of malignant neoplasms
334,C30,,Remainder of malignant neoplasms
335,C31,,Remainder of malignant neoplasms
336,C32,,Malignant neoplasm of larynx
337,C33,,"Malignant neoplasm of trachea, bronchus and lung"
338,C34,,"Malignant neoplasm of trachea, bronchus and lung"
339,C35,,Neoplasms
340,C36,,Neoplasms
341,C37,,Remainder of malignant neoplasms
342,C38,,Remainder of malignant neoplasms
343,C39,,Remainder of malignant neoplasms
344,C40,,Remainder of malignant neoplasms
345,C41,,Remainder of malignant neoplasms
346,C42,,Neoplasms
347,C43,,Malignant melanoma of skin
348,C44,,Remainder of malignant neoplasms
349,C45,,Remainder of malignant neoplasms
350,C46,,Remainder of malignant neoplasms
351,C47,,Remainder of malignant neoplasms
352,C48,,Remainder of malignant neoplasms
353,C49,,Remainder of malignant neoplasms
354,C50,,Malignant neoplasm of breast
355,C51,,Remainder of malignant neoplasms
356,C52,,Remainder of malignant neoplasms
357,C53,,Malignant neoplasm of cervix uteri
358,C54,,Malignant neoplasm of other and unspecified parts of uterus
359,C55,,Malignant neoplasm of other and unspecified parts of uterus
360,C56,,Malignant neoplasm of ovary
361,C57,,Remainder of malignant neoplasms
362,C58,,Remainder of malignant neoplasms
363,C59,,Remainder of malignant neoplasms
364,C60,,Remainder of malignant neoplasms
365,C61,,Malignant neoplasm of prostate
366,C62,,Remainder of malignant neoplasms
367,C63,,Remainder of malignant neoplasms
368,C64,,Remainder of malignant neoplasms
369,C65,,Remainder of malignant neoplasms
370,C66,,Remainder of malignant neoplasms
371,C67,,Malignant neoplasm of bladder
372,C68,,Remainder of malignant neoplasms
373,C69,,Remainder of malignant neoplasms
374,C70,,"Malignant neoplasm of meninges, brain and other parts of central nervous system"
375,C71,,"Malignant neoplasm of meninges, brain and other parts of central nervous system"
376,C72,,"Malignant neoplasm of meninges, brain and other parts of central nervous system"
377,C73,,Remainder of malignant neoplasms
378,C74,,Remainder of malignant neoplasms
379,C75,,Remainder of malignant neoplasms
380,C76,,Remainder of malignant neoplasms
381,C77,,Remainder of malignant neoplasms
382,C78,,Remainder of malignant neoplasms
383,C79,,Remainder of malignant neoplasms
384,C80,,Remainder of malignant neoplasms
385,C81,,Remainder of malignant neoplasms
386,C82,,Non-Hodgkin's lymphoma
387,C83,,Non-Hodgkin's lymphoma
388,C84,,Non-Hodgkin's lymphoma
389,C85,,Non-Hodgkin's lymphoma
390,C86,,Neoplasms
391,C87,,Neoplasms
392,C88,,Remainder of malignant neoplasms
393,C89,,Neoplasms
394,C90,,Multiple myeloma and malignant plasma cell neoplasms
395,C91,,Leukaemia
396,C92,,Leukaemia
397,C93,,Leukaemia
398,C94,,Leukaemia
399,C95,,Leukaemia
400,C96,,Remainder of malignant neoplasms
401,C97,,Remainder of malignant neoplasms
402,C98,,Neoplasms
403,C99,,Neoplasms
404,D00,,Remainder of neoplasms 
405,D01,,Remainder of neoplasms 
406,D02,,Remainder of neoplasms 
407,D03,,Remainder of neoplasms 
408,D04,,Remainder of neoplasms 
409,D05,,Remainder of neoplasms 
410,D06,,Remainder of neoplasms 
411,D07,,Remainder of neoplasms 
412,D08,,Remainder of neoplasms 
413,D09,,Remainder of neoplasms 
414,D10,,Remainder of neoplasms 
415,D11,,Remainder of neoplasms 
416,D12,,Remainder of neoplasms 
417,D13,,Remainder of neoplasms 
418,D14,,Remainder of neoplasms 
419,D15,,Remainder of neoplasms 
420,D16,,Remainder of neoplasms 
421,D17,,Remainder of neoplasms 
422,D18,,Remainder of neoplasms 
423,D19,,Remainder of neoplasms 
424,D20,,Remainder of neoplasms 
425,D21,,Remainder of neoplasms 
426,D22,,Remainder of neoplasms 
427,D23,,Remainder of neoplasms 
428,D24,,Remainder of neoplasms 
429,D25,,Remainder of neoplasms 
430,D26,,Remainder of neoplasms 
431,D27,,Remainder of neoplasms 
432,D28,,Remainder of neoplasms 
433,D29,,Remainder of neoplasms 
434,D30,,Remainder of neoplasms 
435,D31,,Remainder of neoplasms 
436,D32,,Remainder of neoplasms 
437,D33,,Remainder of neoplasms 
438,D34,,Remainder of neoplasms 
439,D35,,Remainder of neoplasms 
440,D36,,Remainder of neoplasms 
441,D37,,Remainder of neoplasms 
442,D38,,Remainder of neoplasms 
443,D39,,Remainder of neoplasms 
444,D40,,Remainder of neoplasms 
445,D41,,Remainder of neoplasms 
446,D42,,Remainder of neoplasms 
447,D43,,Remainder of neoplasms 
448,D44,,Remainder of neoplasms 
449,D45,,Remainder of neoplasms 
450,D46,,Remainder of neoplasms 
451,D47,,Remainder of neoplasms 
452,D48,,Remainder of neoplasms 
453,D50,,Anaemias
454,D51,,Anaemias
455,D52,,Anaemias
456,D53,,Anaemias
457,D54,,Anaemias
458,D55,,Anaemias
459,D56,,Anaemias
460,D57,,Anaemias
461,D58,,Anaemias
462,D59,,Anaemias
463,D60,,Anaemias
464,D61,,Anaemias
465,D62,,Anaemias
466,D63,,Anaemias
467,D64,,Anaemias
468,D65,,Remainder of diseases of the blood and blood-forming organs and certain disorders involving the immune mechanism
469,D66,,Remainder of diseases of the blood and blood-forming organs and certain disorders involving the immune mechanism
470,D67,,Remainder of diseases of the blood and blood-forming organs and certain disorders involving the immune mechanism
471,D68,,Remainder of diseases of the blood and blood-forming organs and certain disorders involving the immune mechanism
472,D69,,Remainder of diseases of the blood and blood-forming organs and certain disorders involving the immune mechanism
473,D70,,Remainder of diseases of the blood and blood-forming organs and certain disorders involving the immune mechanism
474,D71,,Remainder of diseases of the blood and blood-forming organs and certain disorders involving the immune mechanism
475,D72,,Remainder of diseases of the blood and blood-forming organs and certain disorders involving the immune mechanism
476,D73,,Remainder of diseases of the blood and blood-forming organs and certain disorders involving the immune mechanism
477,D74,,Remainder of diseases of the blood and blood-forming organs and certain disorders involving the immune mechanism
478,D75,,Remainder of diseases of the blood and blood-forming organs and certain disorders involving the immune mechanism
479,D76,,Remainder of diseases of the blood and blood-forming organs and certain disorders involving the immune mechanism
480,D77,,Remainder of diseases of the blood and blood-forming organs and certain disorders involving the immune mechanism
481,D78,,Remainder of diseases of the blood and blood-forming organs and certain disorders involving the immune mechanism
482,D79,,Remainder of diseases of the blood and blood-forming organs and certain disorders involving the immune mechanism
483,D80,,Remainder of diseases of the blood and blood-forming organs and certain disorders involving the immune mechanism
484,D81,,Remainder of diseases of the blood and blood-forming organs and certain disorders involving the immune mechanism
485,D82,,Remainder of diseases of the blood and blood-forming organs and certain disorders involving the immune mechanism
486,D83,,Remainder of diseases of the blood and blood-forming organs and certain disorders involving the immune mechanism
487,D84,,Remainder of diseases of the blood and blood-forming organs and certain disorders involving the immune mechanism
488,D85,,Remainder of diseases of the blood and blood-forming organs and certain disorders involving the immune mechanism
489,D86,,Remainder of diseases of the blood and blood-forming organs and certain disorders involving the immune mechanism
490,D87,,Remainder of diseases of the blood and blood-forming organs and certain disorders involving the immune mechanism
491,D88,,Remainder of diseases of the blood and blood-forming organs and certain disorders involving the immune mechanism
492,D89,,Remainder of diseases of the blood and blood-forming organs and certain disorders involving the immune mechanism
493,E00,,"Remainder of endocrine, nutritional and metabolic diseases"
494,E01,,"Remainder of endocrine, nutritional and metabolic diseases"
495,E02,,"Remainder of endocrine, nutritional and metabolic diseases"
496,E03,,"Remainder of endocrine, nutritional and metabolic diseases"
497,E04,,"Remainder of endocrine, nutritional and metabolic diseases"
498,E05,,"Remainder of endocrine, nutritional and metabolic diseases"
499,E06,,"Remainder of endocrine, nutritional and metabolic diseases"
500,E07,,"Remainder of endocrine, nutritional and metabolic diseases"
501,E08,,"Endocrine, nutritional and metabolic diseases"
502,E09,,"Endocrine, nutritional and metabolic diseases"
503,E10,,Diabetes mellitus
504,E11,,Diabetes mellitus
505,E12,,Diabetes mellitus
506,E13,,Diabetes mellitus
507,E14,,Diabetes mellitus
508,E15,,"Remainder of endocrine, nutritional and metabolic diseases"
509,E16,,"Remainder of endocrine, nutritional and metabolic diseases"
510,E17,,"Remainder of endocrine, nutritional and metabolic diseases"
511,E18,,"Remainder of endocrine, nutritional and metabolic diseases"
512,E19,,"Remainder of endocrine, nutritional and metabolic diseases"
513,E20,,"Remainder of endocrine, nutritional and metabolic diseases"
514,E21,,"Remainder of endocrine, nutritional and metabolic diseases"
515,E22,,"Remainder of endocrine, nutritional and metabolic diseases"
516,E23,,"Remainder of endocrine, nutritional and metabolic diseases"
517,E24,,"Remainder of endocrine, nutritional and metabolic diseases"
518,E25,,"Remainder of endocrine, nutritional and metabolic diseases"
519,E26,,"Remainder of endocrine, nutritional and metabolic diseases"
520,E27,,"Remainder of endocrine, nutritional and metabolic diseases"
521,E28,,"Remainder of endocrine, nutritional and metabolic diseases"
522,E29,,"Remainder of endocrine, nutritional and metabolic diseases"
523,E30,,"Remainder of endocrine, nutritional and metabolic diseases"
524,E31,,"Remainder of endocrine, nutritional and metabolic diseases"
525,E32,,"Remainder of endocrine, nutritional and metabolic diseases"
526,E33,,"Remainder of endocrine, nutritional and metabolic diseases"
527,E34,,"Remainder of endocrine, nutritional and metabolic diseases"
528,E35,,"Endocrine, nutritional and metabolic diseases"
529,E36,,"Endocrine, nutritional and metabolic diseases"
530,E37,,"Endocrine, nutritional and metabolic diseases"
531,E38,,"Endocrine, nutritional and metabolic diseases"
532,E39,,"Endocrine, nutritional and metabolic diseases"
533,E40,,Malnutrition
534,E41,,Malnutrition
535,E42,,Malnutrition
536,E43,,Malnutrition
537,E44,,Malnutrition
538,E45,,Malnutrition
539,E46,,Malnutrition
540,E47,,"Endocrine, nutritional and metabolic diseases"
541,E48,,"Endocrine, nutritional and metabolic diseases"
542,E49,,"Endocrine, nutritional and metabolic diseases"
543,E50,,"Remainder of endocrine, nutritional and metabolic diseases"
544,E51,,"Remainder of endocrine, nutritional and metabolic diseases"
545,E52,,"Remainder of endocrine, nutritional and metabolic diseases"
546,E53,,"Remainder of endocrine, nutritional and metabolic diseases"
547,E54,,"Remainder of endocrine, nutritional and metabolic diseases"
548,E55,,"Remainder of endocrine, nutritional and metabolic diseases"
549,E56,,"Remainder of endocrine, nutritional and metabolic diseases"
550,E57,,"Remainder of endocrine, nutritional and metabolic diseases"
551,E58,,"Remainder of endocrine, nutritional and metabolic diseases"
552,E59,,"Remainder of endocrine, nutritional and metabolic diseases"
553,E60,,"Remainder of endocrine, nutritional and metabolic diseases"
554,E61,,"Remainder of endocrine, nutritional and metabolic diseases"
555,E62,,"Remainder of endocrine, nutritional and metabolic diseases"
556,E63,,"Remainder of endocrine, nutritional and metabolic diseases"
557,E64,,"Remainder of endocrine, nutritional and metabolic diseases"
558,E65,,"Remainder of endocrine, nutritional and metabolic diseases"
559,E66,,"Remainder of endocrine, nutritional and metabolic diseases"
560,E67,,"Remainder of endocrine, nutritional and metabolic diseases"
561,E68,,"Remainder of endocrine, nutritional and metabolic diseases"
562,E69,,"Remainder of endocrine, nutritional and metabolic diseases"
563,E70,,"Remainder of endocrine, nutritional and metabolic diseases"
564,E71,,"Remainder of endocrine, nutritional and metabolic diseases"
565,E72,,"Remainder of endocrine, nutritional and metabolic diseases"
566,E73,,"Remainder of endocrine, nutritional and metabolic diseases"
567,E74,,"Remainder of endocrine, nutritional and metabolic diseases"
568,E75,,"Remainder of endocrine, nutritional and metabolic diseases"
569,E76,,"Remainder of endocrine, nutritional and metabolic diseases"
570,E77,,"Remainder of endocrine, nutritional and metabolic diseases"
571,E78,,"Remainder of endocrine, nutritional and metabolic diseases"
572,E79,,"Remainder of endocrine, nutritional and metabolic diseases"
573,E80,,"Remainder of endocrine, nutritional and metabolic diseases"
574,E81,,"Remainder of endocrine, nutritional and metabolic diseases"
575,E82,,"Remainder of endocrine, nutritional and metabolic diseases"
576,E83,,"Remainder of endocrine, nutritional and metabolic diseases"
577,E84,,"Remainder of endocrine, nutritional and metabolic diseases"
578,E85,,"Remainder of endocrine, nutritional and metabolic diseases"
579,E86,,"Remainder of endocrine, nutritional and metabolic diseases"
580,E87,,"Remainder of endocrine, nutritional and metabolic diseases"
581,E88,,"Remainder of endocrine, nutritional and metabolic diseases"
582,F01,,Mental and behavioural disorders
583,F02,,Mental and behavioural disorders
584,F03,,Mental and behavioural disorders
585,F04,,Mental and behavioural disorders
586,F05,,Mental and behavioural disorders
587,F06,,Mental and behavioural disorders
588,F07,,Mental and behavioural disorders
589,F08,,Mental and behavioural disorders
590,F09,,Mental and behavioural disorders
591,F10,,Mental and behavioural disorders due to psychoactive substance use
592,F11,,Mental and behavioural disorders due to psychoactive substance use
593,F12,,Mental and behavioural disorders due to psychoactive substance use
594,F13,,Mental and behavioural disorders due to psychoactive substance use
595,F14,,Mental and behavioural disorders due to psychoactive substance use
596,F15,,Mental and behavioural disorders due to psychoactive substance use
597,F16,,Mental and behavioural disorders due to psychoactive substance use
598,F17,,Mental and behavioural disorders due to psychoactive substance use
599,F18,,Mental and behavioural disorders due to psychoactive substance use
600,F19,,Mental and behavioural disorders due to psychoactive substance use
601,F20,,Remainder of mental and behavioural disorders
602,F21,,Remainder of mental and behavioural disorders
603,F22,,Remainder of mental and behavioural disorders
604,F23,,Remainder of mental and behavioural disorders
605,F24,,Remainder of mental and behavioural disorders
606,F25,,Remainder of mental and behavioural disorders
607,F26,,Remainder of mental and behavioural disorders
608,F27,,Remainder of mental and behavioural disorders
609,F28,,Remainder of mental and behavioural disorders
610,F29,,Remainder of mental and behavioural disorders
611,F30,,Remainder of mental and behavioural disorders
612,F31,,Remainder of mental and behavioural disorders
613,F32,,Remainder of mental and behavioural disorders
614,F33,,Remainder of mental and behavioural disorders
615,F34,,Remainder of mental and behavioural disorders
616,F35,,Remainder of mental and behavioural disorders
617,F36,,Remainder of mental and behavioural disorders
618,F37,,Remainder of mental and behavioural disorders
619,F38,,Remainder of mental and behavioural disorders
620,F39,,Remainder of mental and behavioural disorders
621,F40,,Remainder of mental and behavioural disorders
622,F41,,Remainder of mental and behavioural disorders
623,F42,,Remainder of mental and behavioural disorders
624,F43,,Remainder of mental and behavioural disorders
625,F44,,Remainder of mental and behavioural disorders
626,F45,,Remainder of mental and behavioural disorders
627,F46,,Remainder of mental and behavioural disorders
628,F47,,Remainder of mental and behavioural disorders
629,F48,,Remainder of mental and behavioural disorders
630,F49,,Remainder of mental and behavioural disorders
631,F50,,Remainder of mental and behavioural disorders
632,F51,,Remainder of mental and behavioural disorders
633,F52,,Remainder of mental and behavioural disorders
634,F53,,Remainder of mental and behavioural disorders
635,F54,,Remainder of mental and behavioural disorders
636,F55,,Remainder of mental and behavioural disorders
637,F56,,Remainder of mental and behavioural disorders
638,F57,,Remainder of mental and behavioural disorders
639,F58,,Remainder of mental and behavioural disorders
640,F59,,Remainder of mental and behavioural disorders
641,F60,,Remainder of mental and behavioural disorders
642,F61,,Remainder of mental and behavioural disorders
643,F62,,Remainder of mental and behavioural disorders
644,F63,,Remainder of mental and behavioural disorders
645,F64,,Remainder of mental and behavioural disorders
646,F65,,Remainder of mental and behavioural disorders
647,F66,,Remainder of mental and behavioural disorders
648,F67,,Remainder of mental and behavioural disorders
649,F68,,Remainder of mental and behavioural disorders
650,F69,,Remainder of mental and behavioural disorders
651,F70,,Remainder of mental and behavioural disorders
652,F71,,Remainder of mental and behavioural disorders
653,F72,,Remainder of mental and behavioural disorders
654,F73,,Remainder of mental and behavioural disorders
655,F74,,Remainder of mental and behavioural disorders
656,F75,,Remainder of mental and behavioural disorders
657,F76,,Remainder of mental and behavioural disorders
658,F77,,Remainder of mental and behavioural disorders
659,F78,,Remainder of mental and behavioural disorders
660,F79,,Remainder of mental and behavioural disorders
661,F80,,Remainder of mental and behavioural disorders
662,F81,,Remainder of mental and behavioural disorders
663,F82,,Remainder of mental and behavioural disorders
664,F83,,Remainder of mental and behavioural disorders
665,F84,,Remainder of mental and behavioural disorders
666,F85,,Remainder of mental and behavioural disorders
667,F86,,Remainder of mental and behavioural disorders
668,F87,,Remainder of mental and behavioural disorders
669,F88,,Remainder of mental and behavioural disorders
670,F89,,Remainder of mental and behavioural disorders
671,F90,,Remainder of mental and behavioural disorders
672,F91,,Remainder of mental and behavioural disorders
673,F92,,Remainder of mental and behavioural disorders
674,F93,,Remainder of mental and behavioural disorders
675,F94,,Remainder of mental and behavioural disorders
676,F95,,Remainder of mental and behavioural disorders
677,F96,,Remainder of mental and behavioural disorders
678,F97,,Remainder of mental and behavioural disorders
679,F98,,Remainder of mental and behavioural disorders
680,F99,,Remainder of mental and behavioural disorders
681,G00,,Meningitis
682,G01,,Diseases of the nervous system
683,G02,,Diseases of the nervous system
684,G03,,Meningitis
685,G04,,Remainder of diseases of the nervous system
686,G05,,Remainder of diseases of the nervous system
687,G06,,Remainder of diseases of the nervous system
688,G07,,Remainder of diseases of the nervous system
689,G08,,Remainder of diseases of the nervous system
690,G09,,Remainder of diseases of the nervous system
691,G10,,Remainder of diseases of the nervous system
692,G11,,Remainder of diseases of the nervous system
693,G12,,Remainder of diseases of the nervous system
694,G13,,Remainder of diseases of the nervous system
695,G14,,Remainder of diseases of the nervous system
696,G15,,Remainder of diseases of the nervous system
697,G16,,Remainder of diseases of the nervous system
698,G17,,Remainder of diseases of the nervous system
699,G18,,Remainder of diseases of the nervous system
700,G19,,Remainder of diseases of the nervous system
701,G20,,Remainder of diseases of the nervous system
702,G21,,Remainder of diseases of the nervous system
703,G22,,Remainder of diseases of the nervous system
704,G23,,Remainder of diseases of the nervous system
705,G24,,Remainder of diseases of the nervous system
706,G25,,Remainder of diseases of the nervous system
707,G26,,Diseases of the nervous system
708,G27,,Diseases of the nervous system
709,G28,,Diseases of the nervous system
710,G29,,Diseases of the nervous system
711,G30,,Alzheimer's disease
712,G31,,Remainder of diseases of the nervous system
713,G32,,Remainder of diseases of the nervous system
714,G33,,Remainder of diseases of the nervous system
715,G34,,Remainder of diseases of the nervous system
716,G35,,Remainder of diseases of the nervous system
717,G36,,Remainder of diseases of the nervous system
718,G37,,Remainder of diseases of the nervous system
719,G38,,Remainder of diseases of the nervous system
720,G39,,Remainder of diseases of the nervous system
721,G40,,Remainder of diseases of the nervous system
722,G41,,Remainder of diseases of the nervous system
723,G42,,Remainder of diseases of the nervous system
724,G43,,Remainder of diseases of the nervous system
725,G44,,Remainder of diseases of the nervous system
726,G45,,Remainder of diseases of the nervous system
727,G46,,Remainder of diseases of the nervous system
728,G47,,Remainder of diseases of the nervous system
729,G48,,Remainder of diseases of the nervous system
730,G49,,Remainder of diseases of the nervous system
731,G50,,Remainder of diseases of the nervous system
732,G51,,Remainder of diseases of the nervous system
733,G52,,Remainder of diseases of the nervous system
734,G53,,Remainder of diseases of the nervous system
735,G54,,Remainder of diseases of the nervous system
736,G55,,Remainder of diseases of the nervous system
737,G56,,Remainder of diseases of the nervous system
738,G57,,Remainder of diseases of the nervous system
739,G58,,Remainder of diseases of the nervous system
740,G59,,Remainder of diseases of the nervous system
741,G60,,Remainder of diseases of the nervous system
742,G61,,Remainder of diseases of the nervous system
743,G62,,Remainder of diseases of the nervous system
744,G63,,Remainder of diseases of the nervous system
745,G64,,Remainder of diseases of the nervous system
746,G65,,Remainder of diseases of the nervous system
747,G66,,Remainder of diseases of the nervous system
748,G67,,Remainder of diseases of the nervous system
749,G68,,Remainder of diseases of the nervous system
750,G69,,Remainder of diseases of the nervous system
751,G70,,Remainder of diseases of the nervous system
752,G71,,Remainder of diseases of the nervous system
753,G72,,Remainder of diseases of the nervous system
754,G73,,Remainder of diseases of the nervous system
755,G74,,Remainder of diseases of the nervous system
756,G75,,Remainder of diseases of the nervous system
757,G76,,Remainder of diseases of the nervous system
758,G77,,Remainder of diseases of the nervous system
759,G78,,Remainder of diseases of the nervous system
760,G79,,Remainder of diseases of the nervous system
761,G80,,Remainder of diseases of the nervous system
762,G81,,Remainder of diseases of the nervous system
763,G82,,Remainder of diseases of the nervous system
764,G83,,Remainder of diseases of the nervous system
765,G84,,Remainder of diseases of the nervous system
766,G85,,Remainder of diseases of the nervous system
767,G86,,Remainder of diseases of the nervous system
768,G87,,Remainder of diseases of the nervous system
769,G88,,Remainder of diseases of the nervous system
770,G89,,Remainder of diseases of the nervous system
771,G90,,Remainder of diseases of the nervous system
772,G91,,Remainder of diseases of the nervous system
773,G92,,Remainder of diseases of the nervous system
774,G93,,Remainder of diseases of the nervous system
775,G94,,Remainder of diseases of the nervous system
776,G95,,Remainder of diseases of the nervous system
777,G96,,Remainder of diseases of the nervous system
778,G97,,Remainder of diseases of the nervous system
779,G98,,Remainder of diseases of the nervous system
780,H00,,Diseases of the eye and adnexa
781,H01,,Diseases of the eye and adnexa
782,H02,,Diseases of the eye and adnexa
783,H03,,Diseases of the eye and adnexa
784,H04,,Diseases of the eye and adnexa
785,H05,,Diseases of the eye and adnexa
786,H06,,Diseases of the eye and adnexa
787,H07,,Diseases of the eye and adnexa
788,H08,,Diseases of the eye and adnexa
789,H09,,Diseases of the eye and adnexa
790,H10,,Diseases of the eye and adnexa
791,H11,,Diseases of the eye and adnexa
792,H12,,Diseases of the eye and adnexa
793,H13,,Diseases of the eye and adnexa
794,H14,,Diseases of the eye and adnexa
795,H15,,Diseases of the eye and adnexa
796,H16,,Diseases of the eye and adnexa
797,H17,,Diseases of the eye and adnexa
798,H18,,Diseases of the eye and adnexa
799,H19,,Diseases of the eye and adnexa
800,H20,,Diseases of the eye and adnexa
801,H21,,Diseases of the eye and adnexa
802,H22,,Diseases of the eye and adnexa
803,H23,,Diseases of the eye and adnexa
804,H24,,Diseases of the eye and adnexa
805,H25,,Diseases of the eye and adnexa
806,H26,,Diseases of the eye and adnexa
807,H27,,Diseases of the eye and adnexa
808,H28,,Diseases of the eye and adnexa
809,H29,,Diseases of the eye and adnexa
810,H30,,Diseases of the eye and adnexa
811,H31,,Diseases of the eye and adnexa
812,H32,,Diseases of the eye and adnexa
813,H33,,Diseases of the eye and adnexa
814,H34,,Diseases of the eye and adnexa
815,H35,,Diseases of the eye and adnexa
816,H36,,Diseases of the eye and adnexa
817,H37,,Diseases of the eye and adnexa
818,H38,,Diseases of the eye and adnexa
819,H39,,Diseases of the eye and adnexa
820,H40,,Diseases of the eye and adnexa
821,H41,,Diseases of the eye and adnexa
822,H42,,Diseases of the eye and adnexa
823,H43,,Diseases of the eye and adnexa
824,H44,,Diseases of the eye and adnexa
825,H45,,Diseases of the eye and adnexa
826,H46,,Diseases of the eye and adnexa
827,H47,,Diseases of the eye and adnexa
828,H48,,Diseases of the eye and adnexa
829,H49,,Diseases of the eye and adnexa
830,H50,,Diseases of the eye and adnexa
831,H51,,Diseases of the eye and adnexa
832,H52,,Diseases of the eye and adnexa
833,H53,,Diseases of the eye and adnexa
834,H54,,Diseases of the eye and adnexa
835,H55,,Diseases of the eye and adnexa
836,H56,,Diseases of the eye and adnexa
837,H57,,Diseases of the eye and adnexa
838,H60,,Diseases of the ear and mastoid process
839,H61,,Diseases of the ear and mastoid process
840,H62,,Diseases of the ear and mastoid process
841,H63,,Diseases of the ear and mastoid process
842,H64,,Diseases of the ear and mastoid process
843,H65,,Diseases of the ear and mastoid process
844,H66,,Diseases of the ear and mastoid process
845,H67,,Diseases of the ear and mastoid process
846,H68,,Diseases of the ear and mastoid process
847,H69,,Diseases of the ear and mastoid process
848,H70,,Diseases of the ear and mastoid process
849,H71,,Diseases of the ear and mastoid process
850,H72,,Diseases of the ear and mastoid process
851,H73,,Diseases of the ear and mastoid process
852,H74,,Diseases of the ear and mastoid process
853,H75,,Diseases of the ear and mastoid process
854,H76,,Diseases of the ear and mastoid process
855,H77,,Diseases of the ear and mastoid process
856,H78,,Diseases of the ear and mastoid process
857,H79,,Diseases of the ear and mastoid process
858,H80,,Diseases of the ear and mastoid process
859,H81,,Diseases of the ear and mastoid process
860,H82,,Diseases of the ear and mastoid process
861,H83,,Diseases of the ear and mastoid process
862,H84,,Diseases of the ear and mastoid process
863,H85,,Diseases of the ear and mastoid process
864,H86,,Diseases of the ear and mastoid process
865,H87,,Diseases of the ear and mastoid process
866,H88,,Diseases of the ear and mastoid process
867,H89,,Diseases of the ear and mastoid process
868,H90,,Diseases of the ear and mastoid process
869,H91,,Diseases of the ear and mastoid process
870,H92,,Diseases of the ear and mastoid process
871,H93,,Diseases of the ear and mastoid process
872,I00,,Acute rheumatic fever and chronic rheumatic heart diseases
873,I01,,Acute rheumatic fever and chronic rheumatic heart diseases
874,I02,,Acute rheumatic fever and chronic rheumatic heart diseases
875,I03,,Acute rheumatic fever and chronic rheumatic heart diseases
876,I04,,Acute rheumatic fever and chronic rheumatic heart diseases
877,I05,,Acute rheumatic fever and chronic rheumatic heart diseases
878,I06,,Acute rheumatic fever and chronic rheumatic heart diseases
879,I07,,Acute rheumatic fever and chronic rheumatic heart diseases
880,I08,,Acute rheumatic fever and chronic rheumatic heart diseases
881,I09,,Acute rheumatic fever and chronic rheumatic heart diseases
882,I10,,Hypertensive diseases
883,I11,,Hypertensive diseases
884,I12,,Hypertensive diseases
885,I13,,Hypertensive diseases
886,I14,,Diseases of the circulatory system
887,I15,,Diseases of the circulatory system
888,I16,,Diseases of the circulatory system
889,I17,,Diseases of the circulatory system
890,I18,,Diseases of the circulatory system
891,I19,,Diseases of the circulatory system
892,I20,,Ischaemic heart diseases
893,I21,,Ischaemic heart diseases
894,I22,,Ischaemic heart diseases
895,I23,,Ischaemic heart diseases
896,I24,,Ischaemic heart diseases
897,I25,,Ischaemic heart diseases
898,I26,,Other heart diseases
899,I27,,Other heart diseases
900,I28,,Other heart diseases
901,I29,,Other heart diseases
902,I30,,Other heart diseases
903,I31,,Other heart diseases
904,I32,,Other heart diseases
905,I33,,Other heart diseases
906,I34,,Other heart diseases
907,I35,,Other heart diseases
908,I36,,Other heart diseases
909,I37,,Other heart diseases
910,I38,,Other heart diseases
911,I39,,Other heart diseases
912,I40,,Other heart diseases
913,I41,,Other heart diseases
914,I42,,Other heart diseases
915,I43,,Other heart diseases
916,I44,,Other heart diseases
917,I45,,Other heart diseases
918,I46,,Other heart diseases
919,I47,,Other heart diseases
920,I48,,Other heart diseases
921,I49,,Other heart diseases
922,I50,,Other heart diseases
923,I51,,Other heart diseases
924,I52,,Diseases of the circulatory system
925,I53,,Diseases of the circulatory system
926,I54,,Diseases of the circulatory system
927,I55,,Diseases of the circulatory system
928,I56,,Diseases of the circulatory system
929,I57,,Diseases of the circulatory system
930,I58,,Diseases of the circulatory system
931,I59,,Diseases of the circulatory system
932,I60,,Cerebrovascular diseases
933,I61,,Cerebrovascular diseases
934,I62,,Cerebrovascular diseases
935,I63,,Cerebrovascular diseases
936,I64,,Cerebrovascular diseases
937,I65,,Cerebrovascular diseases
938,I66,,Cerebrovascular diseases
939,I67,,Cerebrovascular diseases
940,I68,,Cerebrovascular diseases
941,I69,,Cerebrovascular diseases
942,I70,,Atherosclerosis
943,I71,,Remainder of diseases of the circulatory system
944,I72,,Remainder of diseases of the circulatory system
945,I73,,Remainder of diseases of the circulatory system
946,I74,,Remainder of diseases of the circulatory system
947,I75,,Remainder of diseases of the circulatory system
948,I76,,Remainder of diseases of the circulatory system
949,I77,,Remainder of diseases of the circulatory system
950,I78,,Remainder of diseases of the circulatory system
951,I79,,Remainder of diseases of the circulatory system
952,I80,,Remainder of diseases of the circulatory system
953,I81,,Remainder of diseases of the circulatory system
954,I82,,Remainder of diseases of the circulatory system
955,I83,,Remainder of diseases of the circulatory system
956,I84,,Remainder of diseases of the circulatory system
957,I85,,Remainder of diseases of the circulatory system
958,I86,,Remainder of diseases of the circulatory system
959,I87,,Remainder of diseases of the circulatory system
960,I88,,Remainder of diseases of the circulatory system
961,I89,,Remainder of diseases of the circulatory system
962,I90,,Remainder of diseases of the circulatory system
963,I91,,Remainder of diseases of the circulatory system
964,I92,,Remainder of diseases of the circulatory system
965,I93,,Remainder of diseases of the circulatory system
966,I94,,Remainder of diseases of the circulatory system
967,I95,,Remainder of diseases of the circulatory system
968,I96,,Remainder of diseases of the circulatory system
969,I97,,Remainder of diseases of the circulatory system
970,I98,,Remainder of diseases of the circulatory system
971,I99,,Remainder of diseases of the circulatory system
972,J00,,Remainder of diseases of the respiratory system
973,J01,,Remainder of diseases of the respiratory system
974,J02,,Remainder of diseases of the respiratory system
975,J03,,Remainder of diseases of the respiratory system
976,J04,,Remainder of diseases of the respiratory system
977,J05,,Remainder of diseases of the respiratory system
978,J06,,Remainder of diseases of the respiratory system
979,J07,,Diseases of the respiratory system
980,J08,,Diseases of the respiratory system
981,J09,,Diseases of the respiratory system
982,J10,,Influenza
983,J11,,Influenza
984,J12,,Pneumonia
985,J13,,Pneumonia
986,J14,,Pneumonia
987,J15,,Pneumonia
988,J16,,Pneumonia
989,J17,,Pneumonia
990,J18,,Pneumonia
991,J19,,Diseases of the respiratory system
992,J20,,Other acute lower respiratory infections
993,J21,,Other acute lower respiratory infections
994,J22,,Other acute lower respiratory infections
995,J23,,Diseases of the respiratory system
996,J24,,Diseases of the respiratory system
997,J25,,Diseases of the respiratory system
998,J26,,Diseases of the respiratory system
999,J27,,Diseases of the respiratory system
1000,J28,,Diseases of the respiratory system
1001,J29,,Diseases of the respiratory system
1002,J30,,Remainder of diseases of the respiratory system
1003,J31,,Remainder of diseases of the respiratory system
1004,J32,,Remainder of diseases of the respiratory system
1005,J33,,Remainder of diseases of the respiratory system
1006,J34,,Remainder of diseases of the respiratory system
1007,J35,,Remainder of diseases of the respiratory system
1008,J36,,Remainder of diseases of the respiratory system
1009,J37,,Remainder of diseases of the respiratory system
1010,J38,,Remainder of diseases of the respiratory system
1011,J39,,Remainder of diseases of the respiratory system
1012,J40,,Chronic lower respiratory diseases
1013,J41,,Chronic lower respiratory diseases
1014,J42,,Chronic lower respiratory diseases
1015,J43,,Chronic lower respiratory diseases
1016,J44,,Chronic lower respiratory diseases
1017,J45,,Chronic lower respiratory diseases
1018,J46,,Chronic lower respiratory diseases
1019,J47,,Chronic lower respiratory diseases
1020,J48,,Diseases of the respiratory system
1021,J49,,Diseases of the respiratory system
1022,J50,,Diseases of the respiratory system
1023,J51,,Diseases of the respiratory system
1024,J52,,Diseases of the respiratory system
1025,J53,,Diseases of the respiratory system
1026,J54,,Diseases of the respiratory system
1027,J55,,Diseases of the respiratory system
1028,J56,,Diseases of the respiratory system
1029,J57,,Diseases of the respiratory system
1030,J58,,Diseases of the respiratory system
1031,J59,,Diseases of the respiratory system
1032,J60,,Remainder of diseases of the respiratory system
1033,J61,,Remainder of diseases of the respiratory system
1034,J62,,Remainder of diseases of the respiratory system
1035,J63,,Remainder of diseases of the respiratory system
1036,J64,,Remainder of diseases of the respiratory system
1037,J65,,Remainder of diseases of the respiratory system
1038,J66,,Remainder of diseases of the respiratory system
1039,J67,,Remainder of diseases of the respiratory system
1040,J68,,Remainder of diseases of the respiratory system
1041,J69,,Remainder of diseases of the respiratory system
1042,J70,,Remainder of diseases of the respiratory system
1043,J71,,Remainder of diseases of the respiratory system
1044,J72,,Remainder of diseases of the respiratory system
1045,J73,,Remainder of diseases of the respiratory system
1046,J74,,Remainder of diseases of the respiratory system
1047,J75,,Remainder of diseases of the respiratory system
1048,J76,,Remainder of diseases of the respiratory system
1049,J77,,Remainder of diseases of the respiratory system
1050,J78,,Remainder of diseases of the respiratory system
1051,J79,,Remainder of diseases of the respiratory system
1052,J80,,Remainder of diseases of the respiratory system
1053,J81,,Remainder of diseases of the respiratory system
1054,J82,,Remainder of diseases of the respiratory system
1055,J83,,Remainder of diseases of the respiratory system
1056,J84,,Remainder of diseases of the respiratory system
1057,J85,,Remainder of diseases of the respiratory system
1058,J86,,Remainder of diseases of the respiratory system
1059,J87,,Remainder of diseases of the respiratory system
1060,J88,,Remainder of diseases of the respiratory system
1061,J89,,Remainder of diseases of the respiratory system
1062,J90,,Remainder of diseases of the respiratory system
1063,J91,,Remainder of diseases of the respiratory system
1064,J92,,Remainder of diseases of the respiratory system
1065,J93,,Remainder of diseases of the respiratory system
1066,J94,,Remainder of diseases of the respiratory system
1067,J95,,Remainder of diseases of the respiratory system
1068,J96,,Remainder of diseases of the respiratory system
1069,J97,,Remainder of diseases of the respiratory system
1070,J98,,Remainder of diseases of the respiratory system
1071,K00,,Remainder of diseases of the digestive system
1072,K01,,Remainder of diseases of the digestive system
1073,K02,,Remainder of diseases of the digestive system
1074,K03,,Remainder of diseases of the digestive system
1075,K04,,Remainder of diseases of the digestive system
1076,K05,,Remainder of diseases of the digestive system
1077,K06,,Remainder of diseases of the digestive system
1078,K07,,Remainder of diseases of the digestive system
1079,K08,,Remainder of diseases of the digestive system
1080,K09,,Remainder of diseases of the digestive system
1081,K10,,Remainder of diseases of the digestive system
1082,K11,,Remainder of diseases of the digestive system
1083,K12,,Remainder of diseases of the digestive system
1084,K13,,Remainder of diseases of the digestive system
1085,K14,,Remainder of diseases of the digestive system
1086,K15,,Remainder of diseases of the digestive system
1087,K16,,Remainder of diseases of the digestive system
1088,K17,,Remainder of diseases of the digestive system
1089,K18,,Remainder of diseases of the digestive system
1090,K19,,Remainder of diseases of the digestive system
1091,K20,,Remainder of diseases of the digestive system
1092,K21,,Remainder of diseases of the digestive system
1093,K22,,Remainder of diseases of the digestive system
1094,K23,,Diseases of the digestive system
1095,K24,,Diseases of the digestive system
1096,K25,,Gastric and duodenal ulcer
1097,K26,,Gastric and duodenal ulcer
1098,K27,,Gastric and duodenal ulcer
1099,K28,,Remainder of diseases of the digestive system
1100,K29,,Remainder of diseases of the digestive system
1101,K30,,Remainder of diseases of the digestive system
1102,K31,,Remainder of diseases of the digestive system
1103,K32,,Remainder of diseases of the digestive system
1104,K33,,Remainder of diseases of the digestive system
1105,K34,,Remainder of diseases of the digestive system
1106,K35,,Remainder of diseases of the digestive system
1107,K36,,Remainder of diseases of the digestive system
1108,K37,,Remainder of diseases of the digestive system
1109,K38,,Remainder of diseases of the digestive system
1110,K39,,Remainder of diseases of the digestive system
1111,K40,,Remainder of diseases of the digestive system
1112,K41,,Remainder of diseases of the digestive system
1113,K42,,Remainder of diseases of the digestive system
1114,K43,,Remainder of diseases of the digestive system
1115,K44,,Remainder of diseases of the digestive system
1116,K45,,Remainder of diseases of the digestive system
1117,K46,,Remainder of diseases of the digestive system
1118,K47,,Remainder of diseases of the digestive system
1119,K48,,Remainder of diseases of the digestive system
1120,K49,,Remainder of diseases of the digestive system
1121,K50,,Remainder of diseases of the digestive system
1122,K51,,Remainder of diseases of the digestive system
1123,K52,,Remainder of diseases of the digestive system
1124,K53,,Remainder of diseases of the digestive system
1125,K54,,Remainder of diseases of the digestive system
1126,K55,,Remainder of diseases of the digestive system
1127,K56,,Remainder of diseases of the digestive system
1128,K57,,Remainder of diseases of the digestive system
1129,K58,,Remainder of diseases of the digestive system
1130,K59,,Remainder of diseases of the digestive system
1131,K60,,Remainder of diseases of the digestive system
1132,K61,,Remainder of diseases of the digestive system
1133,K62,,Remainder of diseases of the digestive system
1134,K63,,Remainder of diseases of the digestive system
1135,K64,,Remainder of diseases of the digestive system
1136,K65,,Remainder of diseases of the digestive system
1137,K66,,Remainder of diseases of the digestive system
1138,K67,,Diseases of the digestive system
1139,K68,,Diseases of the digestive system
1140,K69,,Diseases of the digestive system
1141,K70,,Diseases of the liver
1142,K71,,Diseases of the liver
1143,K72,,Diseases of the liver
1144,K73,,Diseases of the liver
1145,K74,,Diseases of the liver
1146,K75,,Diseases of the liver
1147,K76,,Diseases of the liver
1148,K77,,Diseases of the digestive system
1149,K78,,Diseases of the digestive system
1150,K79,,Diseases of the digestive system
1151,K80,,Remainder of diseases of the digestive system
1152,K81,,Remainder of diseases of the digestive system
1153,K82,,Remainder of diseases of the digestive system
1154,K83,,Remainder of diseases of the digestive system
1155,K84,,Remainder of diseases of the digestive system
1156,K85,,Remainder of diseases of the digestive system
1157,K86,,Remainder of diseases of the digestive system
1158,K87,,Remainder of diseases of the digestive system
1159,K88,,Remainder of diseases of the digestive system
1160,K89,,Remainder of diseases of the digestive system
1161,K90,,Remainder of diseases of the digestive system
1162,K91,,Remainder of diseases of the digestive system
1163,K92,,Remainder of diseases of the digestive system
1164,L00,,Diseases of the skin and subcutaneous tissue
1165,L01,,Diseases of the skin and subcutaneous tissue
1166,L02,,Diseases of the skin and subcutaneous tissue
1167,L03,,Diseases of the skin and subcutaneous tissue
1168,L04,,Diseases of the skin and subcutaneous tissue
1169,L05,,Diseases of the skin and subcutaneous tissue
1170,L06,,Diseases of the skin and subcutaneous tissue
1171,L07,,Diseases of the skin and subcutaneous tissue
1172,L08,,Diseases of the skin and subcutaneous tissue
1173,L09,,Diseases of the skin and subcutaneous tissue
1174,L10,,Diseases of the skin and subcutaneous tissue
1175,L11,,Diseases of the skin and subcutaneous tissue
1176,L12,,Diseases of the skin and subcutaneous tissue
1177,L13,,Diseases of the skin and subcutaneous tissue
1178,L14,,Diseases of the skin and subcutaneous tissue
1179,L15,,Diseases of the skin and subcutaneous tissue
1180,L16,,Diseases of the skin and subcutaneous tissue
1181,L17,,Diseases of the skin and subcutaneous tissue
1182,L18,,Diseases of the skin and subcutaneous tissue
1183,L19,,Diseases of the skin and subcutaneous tissue
1184,L20,,Diseases of the skin and subcutaneous tissue
1185,L21,,Diseases of the skin and subcutaneous tissue
1186,L22,,Diseases of the skin and subcutaneous tissue
1187,L23,,Diseases of the skin and subcutaneous tissue
1188,L24,,Diseases of the skin and subcutaneous tissue
1189,L25,,Diseases of the skin and subcutaneous tissue
1190,L26,,Diseases of the skin and subcutaneous tissue
1191,L27,,Diseases of the skin and subcutaneous tissue
1192,L28,,Diseases of the skin and subcutaneous tissue
1193,L29,,Diseases of the skin and subcutaneous tissue
1194,L30,,Diseases of the skin and subcutaneous tissue
1195,L31,,Diseases of the skin and subcutaneous tissue
1196,L32,,Diseases of the skin and subcutaneous tissue
1197,L33,,Diseases of the skin and subcutaneous tissue
1198,L34,,Diseases of the skin and subcutaneous tissue
1199,L35,,Diseases of the skin and subcutaneous tissue
1200,L36,,Diseases of the skin and subcutaneous tissue
1201,L37,,Diseases of the skin and subcutaneous tissue
1202,L38,,Diseases of the skin and subcutaneous tissue
1203,L39,,Diseases of the skin and subcutaneous tissue
1204,L40,,Diseases of the skin and subcutaneous tissue
1205,L41,,Diseases of the skin and subcutaneous tissue
1206,L42,,Diseases of the skin and subcutaneous tissue
1207,L43,,Diseases of the skin and subcutaneous tissue
1208,L44,,Diseases of the skin and subcutaneous tissue
1209,L45,,Diseases of the skin and subcutaneous tissue
1210,L46,,Diseases of the skin and subcutaneous tissue
1211,L47,,Diseases of the skin and subcutaneous tissue
1212,L48,,Diseases of the skin and subcutaneous tissue
1213,L49,,Diseases of the skin and subcutaneous tissue
1214,L50,,Diseases of the skin and subcutaneous tissue
1215,L51,,Diseases of the skin and subcutaneous tissue
1216,L52,,Diseases of the skin and subcutaneous tissue
1217,L53,,Diseases of the skin and subcutaneous tissue
1218,L54,,Diseases of the skin and subcutaneous tissue
1219,L55,,Diseases of the skin and subcutaneous tissue
1220,L56,,Diseases of the skin and subcutaneous tissue
1221,L57,,Diseases of the skin and subcutaneous tissue
1222,L58,,Diseases of the skin and subcutaneous tissue
1223,L59,,Diseases of the skin and subcutaneous tissue
1224,L60,,Diseases of the skin and subcutaneous tissue
1225,L61,,Diseases of the skin and subcutaneous tissue
1226,L62,,Diseases of the skin and subcutaneous tissue
1227,L63,,Diseases of the skin and subcutaneous tissue
1228,L64,,Diseases of the skin and subcutaneous tissue
1229,L65,,Diseases of the skin and subcutaneous tissue
1230,L66,,Diseases of the skin and subcutaneous tissue
1231,L67,,Diseases of the skin and subcutaneous tissue
1232,L68,,Diseases of the skin and subcutaneous tissue
1233,L69,,Diseases of the skin and subcutaneous tissue
1234,L70,,Diseases of the skin and subcutaneous tissue
1235,L71,,Diseases of the skin and subcutaneous tissue
1236,L72,,Diseases of the skin and subcutaneous tissue
1237,L73,,Diseases of the skin and subcutaneous tissue
1238,L74,,Diseases of the skin and subcutaneous tissue
1239,L75,,Diseases of the skin and subcutaneous tissue
1240,L76,,Diseases of the skin and subcutaneous tissue
1241,L77,,Diseases of the skin and subcutaneous tissue
1242,L78,,Diseases of the skin and subcutaneous tissue
1243,L79,,Diseases of the skin and subcutaneous tissue
1244,L80,,Diseases of the skin and subcutaneous tissue
1245,L81,,Diseases of the skin and subcutaneous tissue
1246,L82,,Diseases of the skin and subcutaneous tissue
1247,L83,,Diseases of the skin and subcutaneous tissue
1248,L84,,Diseases of the skin and subcutaneous tissue
1249,L85,,Diseases of the skin and subcutaneous tissue
1250,L86,,Diseases of the skin and subcutaneous tissue
1251,L87,,Diseases of the skin and subcutaneous tissue
1252,L88,,Diseases of the skin and subcutaneous tissue
1253,L89,,Diseases of the skin and subcutaneous tissue
1254,L90,,Diseases of the skin and subcutaneous tissue
1255,L91,,Diseases of the skin and subcutaneous tissue
1256,L92,,Diseases of the skin and subcutaneous tissue
1257,L93,,Diseases of the skin and subcutaneous tissue
1258,L94,,Diseases of the skin and subcutaneous tissue
1259,L95,,Diseases of the skin and subcutaneous tissue
1260,L96,,Diseases of the skin and subcutaneous tissue
1261,L97,,Diseases of the skin and subcutaneous tissue
1262,L98,,Diseases of the skin and subcutaneous tissue
1263,M00,,Diseases of the musculoskeletal system and connective tissue
1264,M01,,Diseases of the musculoskeletal system and connective tissue
1265,M02,,Diseases of the musculoskeletal system and connective tissue
1266,M03,,Diseases of the musculoskeletal system and connective tissue
1267,M04,,Diseases of the musculoskeletal system and connective tissue
1268,M05,,Diseases of the musculoskeletal system and connective tissue
1269,M06,,Diseases of the musculoskeletal system and connective tissue
1270,M07,,Diseases of the musculoskeletal system and connective tissue
1271,M08,,Diseases of the musculoskeletal system and connective tissue
1272,M09,,Diseases of the musculoskeletal system and connective tissue
1273,M10,,Diseases of the musculoskeletal system and connective tissue
1274,M11,,Diseases of the musculoskeletal system and connective tissue
1275,M12,,Diseases of the musculoskeletal system and connective tissue
1276,M13,,Diseases of the musculoskeletal system and connective tissue
1277,M14,,Diseases of the musculoskeletal system and connective tissue
1278,M15,,Diseases of the musculoskeletal system and connective tissue
1279,M16,,Diseases of the musculoskeletal system and connective tissue
1280,M17,,Diseases of the musculoskeletal system and connective tissue
1281,M18,,Diseases of the musculoskeletal system and connective tissue
1282,M19,,Diseases of the musculoskeletal system and connective tissue
1283,M20,,Diseases of the musculoskeletal system and connective tissue
1284,M21,,Diseases of the musculoskeletal system and connective tissue
1285,M22,,Diseases of the musculoskeletal system and connective tissue
1286,M23,,Diseases of the musculoskeletal system and connective tissue
1287,M24,,Diseases of the musculoskeletal system and connective tissue
1288,M25,,Diseases of the musculoskeletal system and connective tissue
1289,M26,,Diseases of the musculoskeletal system and connective tissue
1290,M27,,Diseases of the musculoskeletal system and connective tissue
1291,M28,,Diseases of the musculoskeletal system and connective tissue
1292,M29,,Diseases of the musculoskeletal system and connective tissue
1293,M30,,Diseases of the musculoskeletal system and connective tissue
1294,M31,,Diseases of the musculoskeletal system and connective tissue
1295,M32,,Diseases of the musculoskeletal system and connective tissue
1296,M33,,Diseases of the musculoskeletal system and connective tissue
1297,M34,,Diseases of the musculoskeletal system and connective tissue
1298,M35,,Diseases of the musculoskeletal system and connective tissue
1299,M36,,Diseases of the musculoskeletal system and connective tissue
1300,M37,,Diseases of the musculoskeletal system and connective tissue
1301,M38,,Diseases of the musculoskeletal system and connective tissue
1302,M39,,Diseases of the musculoskeletal system and connective tissue
1303,M40,,Diseases of the musculoskeletal system and connective tissue
1304,M41,,Diseases of the musculoskeletal system and connective tissue
1305,M42,,Diseases of the musculoskeletal system and connective tissue
1306,M43,,Diseases of the musculoskeletal system and connective tissue
1307,M44,,Diseases of the musculoskeletal system and connective tissue
1308,M45,,Diseases of the musculoskeletal system and connective tissue
1309,M46,,Diseases of the musculoskeletal system and connective tissue
1310,M47,,Diseases of the musculoskeletal system and connective tissue
1311,M48,,Diseases of the musculoskeletal system and connective tissue
1312,M49,,Diseases of the musculoskeletal system and connective tissue
1313,M50,,Diseases of the musculoskeletal system and connective tissue
1314,M51,,Diseases of the musculoskeletal system and connective tissue
1315,M52,,Diseases of the musculoskeletal system and connective tissue
1316,M53,,Diseases of the musculoskeletal system and connective tissue
1317,M54,,Diseases of the musculoskeletal system and connective tissue
1318,M55,,Diseases of the musculoskeletal system and connective tissue
1319,M56,,Diseases of the musculoskeletal system and connective tissue
1320,M57,,Diseases of the musculoskeletal system and connective tissue
1321,M58,,Diseases of the musculoskeletal system and connective tissue
1322,M59,,Diseases of the musculoskeletal system and connective tissue
1323,M60,,Diseases of the musculoskeletal system and connective tissue
1324,M61,,Diseases of the musculoskeletal system and connective tissue
1325,M62,,Diseases of the musculoskeletal system and connective tissue
1326,M63,,Diseases of the musculoskeletal system and connective tissue
1327,M64,,Diseases of the musculoskeletal system and connective tissue
1328,M65,,Diseases of the musculoskeletal system and connective tissue
1329,M66,,Diseases of the musculoskeletal system and connective tissue
1330,M67,,Diseases of the musculoskeletal system and connective tissue
1331,M68,,Diseases of the musculoskeletal system and connective tissue
1332,M69,,Diseases of the musculoskeletal system and connective tissue
1333,M70,,Diseases of the musculoskeletal system and connective tissue
1334,M71,,Diseases of the musculoskeletal system and connective tissue
1335,M72,,Diseases of the musculoskeletal system and connective tissue
1336,M73,,Diseases of the musculoskeletal system and connective tissue
1337,M74,,Diseases of the musculoskeletal system and connective tissue
1338,M75,,Diseases of the musculoskeletal system and connective tissue
1339,M76,,Diseases of the musculoskeletal system and connective tissue
1340,M77,,Diseases of the musculoskeletal system and connective tissue
1341,M78,,Diseases of the musculoskeletal system and connective tissue
1342,M79,,Diseases of the musculoskeletal system and connective tissue
1343,M80,,Diseases of the musculoskeletal system and connective tissue
1344,M81,,Diseases of the musculoskeletal system and connective tissue
1345,M82,,Diseases of the musculoskeletal system and connective tissue
1346,M83,,Diseases of the musculoskeletal system and connective tissue
1347,M84,,Diseases of the musculoskeletal system and connective tissue
1348,M85,,Diseases of the musculoskeletal system and connective tissue
1349,M86,,Diseases of the musculoskeletal system and connective tissue
1350,M87,,Diseases of the musculoskeletal system and connective tissue
1351,M88,,Diseases of the musculoskeletal system and connective tissue
1352,M89,,Diseases of the musculoskeletal system and connective tissue
1353,M90,,Diseases of the musculoskeletal system and connective tissue
1354,M91,,Diseases of the musculoskeletal system and connective tissue
1355,M92,,Diseases of the musculoskeletal system and connective tissue
1356,M93,,Diseases of the musculoskeletal system and connective tissue
1357,M94,,Diseases of the musculoskeletal system and connective tissue
1358,M95,,Diseases of the musculoskeletal system and connective tissue
1359,M96,,Diseases of the musculoskeletal system and connective tissue
1360,M97,,Diseases of the musculoskeletal system and connective tissue
1361,M98,,Diseases of the musculoskeletal system and connective tissue
1362,M99,,Diseases of the musculoskeletal system and connective tissue
1363,N00,,Glomerular and renal tubulo-interstitial diseases
1364,N01,,Glomerular and renal tubulo-interstitial diseases
1365,N02,,Glomerular and renal tubulo-interstitial diseases
1366,N03,,Glomerular and renal tubulo-interstitial diseases
1367,N04,,Glomerular and renal tubulo-interstitial diseases
1368,N05,,Glomerular and renal tubulo-interstitial diseases
1369,N06,,Glomerular and renal tubulo-interstitial diseases
1370,N07,,Glomerular and renal tubulo-interstitial diseases
1371,N08,,Glomerular and renal tubulo-interstitial diseases
1372,N09,,Glomerular and renal tubulo-interstitial diseases
1373,N10,,Glomerular and renal tubulo-interstitial diseases
1374,N11,,Glomerular and renal tubulo-interstitial diseases
1375,N12,,Glomerular and renal tubulo-interstitial diseases
1376,N13,,Glomerular and renal tubulo-interstitial diseases
1377,N14,,Glomerular and renal tubulo-interstitial diseases
1378,N15,,Glomerular and renal tubulo-interstitial diseases
1379,N16,,Diseases of the genitourinary system
1380,N17,,Remainder of diseases of the genitourinary system
1381,N18,,Remainder of diseases of the genitourinary system
1382,N19,,Remainder of diseases of the genitourinary system
1383,N20,,Remainder of diseases of the genitourinary system
1384,N21,,Remainder of diseases of the genitourinary system
1385,N22,,Remainder of diseases of the genitourinary system
1386,N23,,Remainder of diseases of the genitourinary system
1387,N24,,Remainder of diseases of the genitourinary system
1388,N25,,Remainder of diseases of the genitourinary system
1389,N26,,Remainder of diseases of the genitourinary system
1390,N27,,Remainder of diseases of the genitourinary system
1391,N28,,Remainder of diseases of the genitourinary system
1392,N29,,Remainder of diseases of the genitourinary system
1393,N30,,Remainder of diseases of the genitourinary system
1394,N31,,Remainder of diseases of the genitourinary system
1395,N32,,Remainder of diseases of the genitourinary system
1396,N33,,Remainder of diseases of the genitourinary system
1397,N34,,Remainder of diseases of the genitourinary system
1398,N35,,Remainder of diseases of the genitourinary system
1399,N36,,Remainder of diseases of the genitourinary system
1400,N37,,Remainder of diseases of the genitourinary system
1401,N38,,Remainder of diseases of the genitourinary system
1402,N39,,Remainder of diseases of the genitourinary system
1403,N40,,Remainder of diseases of the genitourinary system
1404,N41,,Remainder of diseases of the genitourinary system
1405,N42,,Remainder of diseases of the genitourinary system
1406,N43,,Remainder of diseases of the genitourinary system
1407,N44,,Remainder of diseases of the genitourinary system
1408,N45,,Remainder of diseases of the genitourinary system
1409,N46,,Remainder of diseases of the genitourinary system
1410,N47,,Remainder of diseases of the genitourinary system
1411,N48,,Remainder of diseases of the genitourinary system
1412,N49,,Remainder of diseases of the genitourinary system
1413,N50,,Remainder of diseases of the genitourinary system
1414,N51,,Remainder of diseases of the genitourinary system
1415,N52,,Remainder of diseases of the genitourinary system
1416,N53,,Remainder of diseases of the genitourinary system
1417,N54,,Remainder of diseases of the genitourinary system
1418,N55,,Remainder of diseases of the genitourinary system
1419,N56,,Remainder of diseases of the genitourinary system
1420,N57,,Remainder of diseases of the genitourinary system
1421,N58,,Remainder of diseases of the genitourinary system
1422,N59,,Remainder of diseases of the genitourinary system
1423,N60,,Remainder of diseases of the genitourinary system
1424,N61,,Remainder of diseases of the genitourinary system
1425,N62,,Remainder of diseases of the genitourinary system
1426,N63,,Remainder of diseases of the genitourinary system
1427,N64,,Remainder of diseases of the genitourinary system
1428,N65,,Remainder of diseases of the genitourinary system
1429,N66,,Remainder of diseases of the genitourinary system
1430,N67,,Remainder of diseases of the genitourinary system
1431,N68,,Remainder of diseases of the genitourinary system
1432,N69,,Remainder of diseases of the genitourinary system
1433,N70,,Remainder of diseases of the genitourinary system
1434,N71,,Remainder of diseases of the genitourinary system
1435,N72,,Remainder of diseases of the genitourinary system
1436,N73,,Remainder of diseases of the genitourinary system
1437,N74,,Remainder of diseases of the genitourinary system
1438,N75,,Remainder of diseases of the genitourinary system
1439,N76,,Remainder of diseases of the genitourinary system
1440,N77,,Remainder of diseases of the genitourinary system
1441,N78,,Remainder of diseases of the genitourinary system
1442,N79,,Remainder of diseases of the genitourinary system
1443,N80,,Remainder of diseases of the genitourinary system
1444,N81,,Remainder of diseases of the genitourinary system
1445,N82,,Remainder of diseases of the genitourinary system
1446,N83,,Remainder of diseases of the genitourinary system
1447,N84,,Remainder of diseases of the genitourinary system
1448,N85,,Remainder of diseases of the genitourinary system
1449,N86,,Remainder of diseases of the genitourinary system
1450,N87,,Remainder of diseases of the genitourinary system
1451,N88,,Remainder of diseases of the genitourinary system
1452,N89,,Remainder of diseases of the genitourinary system
1453,N90,,Remainder of diseases of the genitourinary system
1454,N91,,Remainder of diseases of the genitourinary system
1455,N92,,Remainder of diseases of the genitourinary system
1456,N93,,Remainder of diseases of the genitourinary system
1457,N94,,Remainder of diseases of the genitourinary system
1458,N95,,Remainder of diseases of the genitourinary system
1459,N96,,Remainder of diseases of the genitourinary system
1460,N97,,Remainder of diseases of the genitourinary system
1461,N98,,Remainder of diseases of the genitourinary system
1462,O00,,Pregnancy with abortive outcome
1463,O01,,Pregnancy with abortive outcome
1464,O02,,Pregnancy with abortive outcome
1465,O03,,Pregnancy with abortive outcome
1466,O04,,Pregnancy with abortive outcome
1467,O05,,Pregnancy with abortive outcome
1468,O06,,Pregnancy with abortive outcome
1469,O07,,Pregnancy with abortive outcome
1470,O08,,"Pregnancy, childbirth and the puerperium"
1471,O09,,"Pregnancy, childbirth and the puerperium"
1472,O10,,Other direct obstetric deaths
1473,O11,,Other direct obstetric deaths
1474,O12,,Other direct obstetric deaths
1475,O13,,Other direct obstetric deaths
1476,O14,,Other direct obstetric deaths
1477,O15,,Other direct obstetric deaths
1478,O16,,Other direct obstetric deaths
1479,O17,,Other direct obstetric deaths
1480,O18,,Other direct obstetric deaths
1481,O19,,Other direct obstetric deaths
1482,O20,,Other direct obstetric deaths
1483,O21,,Other direct obstetric deaths
1484,O22,,Other direct obstetric deaths
1485,O23,,Other direct obstetric deaths
1486,O24,,Other direct obstetric deaths
1487,O25,,Other direct obstetric deaths
1488,O26,,Other direct obstetric deaths
1489,O27,,Other direct obstetric deaths
1490,O28,,Other direct obstetric deaths
1491,O29,,Other direct obstetric deaths
1492,O30,,Other direct obstetric deaths
1493,O31,,Other direct obstetric deaths
1494,O32,,Other direct obstetric deaths
1495,O33,,Other direct obstetric deaths
1496,O34,,Other direct obstetric deaths
1497,O35,,Other direct obstetric deaths
1498,O36,,Other direct obstetric deaths
1499,O37,,Other direct obstetric deaths
1500,O38,,Other direct obstetric deaths
1501,O39,,Other direct obstetric deaths
1502,O40,,Other direct obstetric deaths
1503,O41,,Other direct obstetric deaths
1504,O42,,Other direct obstetric deaths
1505,O43,,Other direct obstetric deaths
1506,O44,,Other direct obstetric deaths
1507,O45,,Other direct obstetric deaths
1508,O46,,Other direct obstetric deaths
1509,O47,,Other direct obstetric deaths
1510,O48,,Other direct obstetric deaths
1511,O49,,Other direct obstetric deaths
1512,O50,,Other direct obstetric deaths
1513,O51,,Other direct obstetric deaths
1514,O52,,Other direct obstetric deaths
1515,O53,,Other direct obstetric deaths
1516,O54,,Other direct obstetric deaths
1517,O55,,Other direct obstetric deaths
1518,O56,,Other direct obstetric deaths
1519,O57,,Other direct obstetric deaths
1520,O58,,Other direct obstetric deaths
1521,O59,,Other direct obstetric deaths
1522,O60,,Other direct obstetric deaths
1523,O61,,Other direct obstetric deaths
1524,O62,,Other direct obstetric deaths
1525,O63,,Other direct obstetric deaths
1526,O64,,Other direct obstetric deaths
1527,O65,,Other direct obstetric deaths
1528,O66,,Other direct obstetric deaths
1529,O67,,Other direct obstetric deaths
1530,O68,,Other direct obstetric deaths
1531,O69,,Other direct obstetric deaths
1532,O70,,Other direct obstetric deaths
1533,O71,,Other direct obstetric deaths
1534,O72,,Other direct obstetric deaths
1535,O73,,Other direct obstetric deaths
1536,O74,,Other direct obstetric deaths
1537,O75,,Other direct obstetric deaths
1538,O76,,Other direct obstetric deaths
1539,O77,,Other direct obstetric deaths
1540,O78,,Other direct obstetric deaths
1541,O79,,Other direct obstetric deaths
1542,O80,,Other direct obstetric deaths
1543,O81,,Other direct obstetric deaths
1544,O82,,Other direct obstetric deaths
1545,O83,,Other direct obstetric deaths
1546,O84,,Other direct obstetric deaths
1547,O85,,Other direct obstetric deaths
1548,O86,,Other direct obstetric deaths
1549,O87,,Other direct obstetric deaths
1550,O88,,Other direct obstetric deaths
1551,O89,,Other direct obstetric deaths
1552,O90,,Other direct obstetric deaths
1553,O91,,Other direct obstetric deaths
1554,O92,,Other direct obstetric deaths
1555,O93,,"Pregnancy, childbirth and the puerperium"
1556,O94,,"Pregnancy, childbirth and the puerperium"
1557,O95,,"Remainder of pregnancy, childbirth and the puerperium"
1558,O96,,"Remainder of pregnancy, childbirth and the puerperium"
1559,O97,,"Remainder of pregnancy, childbirth and the puerperium"
1560,O98,,Indirect obstetric deaths
1561,O99,,Indirect obstetric deaths
1562,P00,,Certain conditions originating in the perinatal period
1563,P01,,Certain conditions originating in the perinatal period
1564,P02,,Certain conditions originating in the perinatal period
1565,P03,,Certain conditions originating in the perinatal period
1566,P04,,Certain conditions originating in the perinatal period
1567,P05,,Certain conditions originating in the perinatal period
1568,P06,,Certain conditions originating in the perinatal period
1569,P07,,Certain conditions originating in the perinatal period
1570,P08,,Certain conditions originating in the perinatal period
1571,P09,,Certain conditions originating in the perinatal period
1572,P10,,Certain conditions originating in the perinatal period
1573,P11,,Certain conditions originating in the perinatal period
1574,P12,,Certain conditions originating in the perinatal period
1575,P13,,Certain conditions originating in the perinatal period
1576,P14,,Certain conditions originating in the perinatal period
1577,P15,,Certain conditions originating in the perinatal period
1578,P16,,Certain conditions originating in the perinatal period
1579,P17,,Certain conditions originating in the perinatal period
1580,P18,,Certain conditions originating in the perinatal period
1581,P19,,Certain conditions originating in the perinatal period
1582,P20,,Certain conditions originating in the perinatal period
1583,P21,,Certain conditions originating in the perinatal period
1584,P22,,Certain conditions originating in the perinatal period
1585,P23,,Certain conditions originating in the perinatal period
1586,P24,,Certain conditions originating in the perinatal period
1587,P25,,Certain conditions originating in the perinatal period
1588,P26,,Certain conditions originating in the perinatal period
1589,P27,,Certain conditions originating in the perinatal period
1590,P28,,Certain conditions originating in the perinatal period
1591,P29,,Certain conditions originating in the perinatal period
1592,P30,,Certain conditions originating in the perinatal period
1593,P31,,Certain conditions originating in the perinatal period
1594,P32,,Certain conditions originating in the perinatal period
1595,P33,,Certain conditions originating in the perinatal period
1596,P34,,Certain conditions originating in the perinatal period
1597,P35,,Certain conditions originating in the perinatal period
1598,P36,,Certain conditions originating in the perinatal period
1599,P37,,Certain conditions originating in the perinatal period
1600,P38,,Certain conditions originating in the perinatal period
1601,P39,,Certain conditions originating in the perinatal period
1602,P40,,Certain conditions originating in the perinatal period
1603,P41,,Certain conditions originating in the perinatal period
1604,P42,,Certain conditions originating in the perinatal period
1605,P43,,Certain conditions originating in the perinatal period
1606,P44,,Certain conditions originating in the perinatal period
1607,P45,,Certain conditions originating in the perinatal period
1608,P46,,Certain conditions originating in the perinatal period
1609,P47,,Certain conditions originating in the perinatal period
1610,P48,,Certain conditions originating in the perinatal period
1611,P49,,Certain conditions originating in the perinatal period
1612,P50,,Certain conditions originating in the perinatal period
1613,P51,,Certain conditions originating in the perinatal period
1614,P52,,Certain conditions originating in the perinatal period
1615,P53,,Certain conditions originating in the perinatal period
1616,P54,,Certain conditions originating in the perinatal period
1617,P55,,Certain conditions originating in the perinatal period
1618,P56,,Certain conditions originating in the perinatal period
1619,P57,,Certain conditions originating in the perinatal period
1620,P58,,Certain conditions originating in the perinatal period
1621,P59,,Certain conditions originating in the perinatal period
1622,P60,,Certain conditions originating in the perinatal period
1623,P61,,Certain conditions originating in the perinatal period
1624,P62,,Certain conditions originating in the perinatal period
1625,P63,,Certain conditions originating in the perinatal period
1626,P64,,Certain conditions originating in the perinatal period
1627,P65,,Certain conditions originating in the perinatal period
1628,P66,,Certain conditions originating in the perinatal period
1629,P67,,Certain conditions originating in the perinatal period
1630,P68,,Certain conditions originating in the perinatal period
1631,P69,,Certain conditions originating in the perinatal period
1632,P70,,Certain conditions originating in the perinatal period
1633,P71,,Certain conditions originating in the perinatal period
1634,P72,,Certain conditions originating in the perinatal period
1635,P73,,Certain conditions originating in the perinatal period
1636,P74,,Certain conditions originating in the perinatal period
1637,P75,,Certain conditions originating in the perinatal period
1638,P76,,Certain conditions originating in the perinatal period
1639,P77,,Certain conditions originating in the perinatal period
1640,P78,,Certain conditions originating in the perinatal period
1641,P79,,Certain conditions originating in the perinatal period
1642,P80,,Certain conditions originating in the perinatal period
1643,P81,,Certain conditions originating in the perinatal period
1644,P82,,Certain conditions originating in the perinatal period
1645,P83,,Certain conditions originating in the perinatal period
1646,P84,,Certain conditions originating in the perinatal period
1647,P85,,Certain conditions originating in the perinatal period
1648,P86,,Certain conditions originating in the perinatal period
1649,P87,,Certain conditions originating in the perinatal period
1650,P88,,Certain conditions originating in the perinatal period
1651,P89,,Certain conditions originating in the perinatal period
1652,P90,,Certain conditions originating in the perinatal period
1653,P91,,Certain conditions originating in the perinatal period
1654,P92,,Certain conditions originating in the perinatal period
1655,P93,,Certain conditions originating in the perinatal period
1656,P94,,Certain conditions originating in the perinatal period
1657,P95,,Certain conditions originating in the perinatal period
1658,P96,,Certain conditions originating in the perinatal period
1659,Q00,,"Congenital malformations, deformations and chromosomal abnormalities"
1660,Q01,,"Congenital malformations, deformations and chromosomal abnormalities"
1661,Q02,,"Congenital malformations, deformations and chromosomal abnormalities"
1662,Q03,,"Congenital malformations, deformations and chromosomal abnormalities"
1663,Q04,,"Congenital malformations, deformations and chromosomal abnormalities"
1664,Q05,,"Congenital malformations, deformations and chromosomal abnormalities"
1665,Q06,,"Congenital malformations, deformations and chromosomal abnormalities"
1666,Q07,,"Congenital malformations, deformations and chromosomal abnormalities"
1667,Q08,,"Congenital malformations, deformations and chromosomal abnormalities"
1668,Q09,,"Congenital malformations, deformations and chromosomal abnormalities"
1669,Q10,,"Congenital malformations, deformations and chromosomal abnormalities"
1670,Q11,,"Congenital malformations, deformations and chromosomal abnormalities"
1671,Q12,,"Congenital malformations, deformations and chromosomal abnormalities"
1672,Q13,,"Congenital malformations, deformations and chromosomal abnormalities"
1673,Q14,,"Congenital malformations, deformations and chromosomal abnormalities"
1674,Q15,,"Congenital malformations, deformations and chromosomal abnormalities"
1675,Q16,,"Congenital malformations, deformations and chromosomal abnormalities"
1676,Q17,,"Congenital malformations, deformations and chromosomal abnormalities"
1677,Q18,,"Congenital malformations, deformations and chromosomal abnormalities"
1678,Q19,,"Congenital malformations, deformations and chromosomal abnormalities"
1679,Q20,,"Congenital malformations, deformations and chromosomal abnormalities"
1680,Q21,,"Congenital malformations, deformations and chromosomal abnormalities"
1681,Q22,,"Congenital malformations, deformations and chromosomal abnormalities"
1682,Q23,,"Congenital malformations, deformations and chromosomal abnormalities"
1683,Q24,,"Congenital malformations, deformations and chromosomal abnormalities"
1684,Q25,,"Congenital malformations, deformations and chromosomal abnormalities"
1685,Q26,,"Congenital malformations, deformations and chromosomal abnormalities"
1686,Q27,,"Congenital malformations, deformations and chromosomal abnormalities"
1687,Q28,,"Congenital malformations, deformations and chromosomal abnormalities"
1688,Q29,,"Congenital malformations, deformations and chromosomal abnormalities"
1689,Q30,,"Congenital malformations, deformations and chromosomal abnormalities"
1690,Q31,,"Congenital malformations, deformations and chromosomal abnormalities"
1691,Q32,,"Congenital malformations, deformations and chromosomal abnormalities"
1692,Q33,,"Congenital malformations, deformations and chromosomal abnormalities"
1693,Q34,,"Congenital malformations, deformations and chromosomal abnormalities"
1694,Q35,,"Congenital malformations, deformations and chromosomal abnormalities"
1695,Q36,,"Congenital malformations, deformations and chromosomal abnormalities"
1696,Q37,,"Congenital malformations, deformations and chromosomal abnormalities"
1697,Q38,,"Congenital malformations, deformations and chromosomal abnormalities"
1698,Q39,,"Congenital malformations, deformations and chromosomal abnormalities"
1699,Q40,,"Congenital malformations, deformations and chromosomal abnormalities"
1700,Q41,,"Congenital malformations, deformations and chromosomal abnormalities"
1701,Q42,,"Congenital malformations, deformations and chromosomal abnormalities"
1702,Q43,,"Congenital malformations, deformations and chromosomal abnormalities"
1703,Q44,,"Congenital malformations, deformations and chromosomal abnormalities"
1704,Q45,,"Congenital malformations, deformations and chromosomal abnormalities"
1705,Q46,,"Congenital malformations, deformations and chromosomal abnormalities"
1706,Q47,,"Congenital malformations, deformations and chromosomal abnormalities"
1707,Q48,,"Congenital malformations, deformations and chromosomal abnormalities"
1708,Q49,,"Congenital malformations, deformations and chromosomal abnormalities"
1709,Q50,,"Congenital malformations, deformations and chromosomal abnormalities"
1710,Q51,,"Congenital malformations, deformations and chromosomal abnormalities"
1711,Q52,,"Congenital malformations, deformations and chromosomal abnormalities"
1712,Q53,,"Congenital malformations, deformations and chromosomal abnormalities"
1713,Q54,,"Congenital malformations, deformations and chromosomal abnormalities"
1714,Q55,,"Congenital malformations, deformations and chromosomal abnormalities"
1715,Q56,,"Congenital malformations, deformations and chromosomal abnormalities"
1716,Q57,,"Congenital malformations, deformations and chromosomal abnormalities"
1717,Q58,,"Congenital malformations, deformations and chromosomal abnormalities"
1718,Q59,,"Congenital malformations, deformations and chromosomal abnormalities"
1719,Q60,,"Congenital malformations, deformations and chromosomal abnormalities"
1720,Q61,,"Congenital malformations, deformations and chromosomal abnormalities"
1721,Q62,,"Congenital malformations, deformations and chromosomal abnormalities"
1722,Q63,,"Congenital malformations, deformations and chromosomal abnormalities"
1723,Q64,,"Congenital malformations, deformations and chromosomal abnormalities"
1724,Q65,,"Congenital malformations, deformations and chromosomal abnormalities"
1725,Q66,,"Congenital malformations, deformations and chromosomal abnormalities"
1726,Q67,,"Congenital malformations, deformations and chromosomal abnormalities"
1727,Q68,,"Congenital malformations, deformations and chromosomal abnormalities"
1728,Q69,,"Congenital malformations, deformations and chromosomal abnormalities"
1729,Q70,,"Congenital malformations, deformations and chromosomal abnormalities"
1730,Q71,,"Congenital malformations, deformations and chromosomal abnormalities"
1731,Q72,,"Congenital malformations, deformations and chromosomal abnormalities"
1732,Q73,,"Congenital malformations, deformations and chromosomal abnormalities"
1733,Q74,,"Congenital malformations, deformations and chromosomal abnormalities"
1734,Q75,,"Congenital malformations, deformations and chromosomal abnormalities"
1735,Q76,,"Congenital malformations, deformations and chromosomal abnormalities"
1736,Q77,,"Congenital malformations, deformations and chromosomal abnormalities"
1737,Q78,,"Congenital malformations, deformations and chromosomal abnormalities"
1738,Q79,,"Congenital malformations, deformations and chromosomal abnormalities"
1739,Q80,,"Congenital malformations, deformations and chromosomal abnormalities"
1740,Q81,,"Congenital malformations, deformations and chromosomal abnormalities"
1741,Q82,,"Congenital malformations, deformations and chromosomal abnormalities"
1742,Q83,,"Congenital malformations, deformations and chromosomal abnormalities"
1743,Q84,,"Congenital malformations, deformations and chromosomal abnormalities"
1744,Q85,,"Congenital malformations, deformations and chromosomal abnormalities"
1745,Q86,,"Congenital malformations, deformations and chromosomal abnormalities"
1746,Q87,,"Congenital malformations, deformations and chromosomal abnormalities"
1747,Q88,,"Congenital malformations, deformations and chromosomal abnormalities"
1748,Q89,,"Congenital malformations, deformations and chromosomal abnormalities"
1749,Q90,,"Congenital malformations, deformations and chromosomal abnormalities"
1750,Q91,,"Congenital malformations, deformations and chromosomal abnormalities"
1751,Q92,,"Congenital malformations, deformations and chromosomal abnormalities"
1752,Q93,,"Congenital malformations, deformations and chromosomal abnormalities"
1753,Q94,,"Congenital malformations, deformations and chromosomal abnormalities"
1754,Q95,,"Congenital malformations, deformations and chromosomal abnormalities"
1755,Q96,,"Congenital malformations, deformations and chromosomal abnormalities"
1756,Q97,,"Congenital malformations, deformations and chromosomal abnormalities"
1757,Q98,,"Congenital malformations, deformations and chromosomal abnormalities"
1758,Q99,,"Congenital malformations, deformations and chromosomal abnormalities"
1759,R00,,"Symptoms, signs and abnormal clinical and laboratory findings, not elsewhere classified"
1760,R01,,"Symptoms, signs and abnormal clinical and laboratory findings, not elsewhere classified"
1761,R02,,"Symptoms, signs and abnormal clinical and laboratory findings, not elsewhere classified"
1762,R03,,"Symptoms, signs and abnormal clinical and laboratory findings, not elsewhere classified"
1763,R04,,"Symptoms, signs and abnormal clinical and laboratory findings, not elsewhere classified"
1764,R05,,"Symptoms, signs and abnormal clinical and laboratory findings, not elsewhere classified"
1765,R06,,"Symptoms, signs and abnormal clinical and laboratory findings, not elsewhere classified"
1766,R07,,"Symptoms, signs and abnormal clinical and laboratory findings, not elsewhere classified"
1767,R08,,"Symptoms, signs and abnormal clinical and laboratory findings, not elsewhere classified"
1768,R09,,"Symptoms, signs and abnormal clinical and laboratory findings, not elsewhere classified"
1769,R10,,"Symptoms, signs and abnormal clinical and laboratory findings, not elsewhere classified"
1770,R11,,"Symptoms, signs and abnormal clinical and laboratory findings, not elsewhere classified"
1771,R12,,"Symptoms, signs and abnormal clinical and laboratory findings, not elsewhere classified"
1772,R13,,"Symptoms, signs and abnormal clinical and laboratory findings, not elsewhere classified"
1773,R14,,"Symptoms, signs and abnormal clinical and laboratory findings, not elsewhere classified"
1774,R15,,"Symptoms, signs and abnormal clinical and laboratory findings, not elsewhere classified"
1775,R16,,"Symptoms, signs and abnormal clinical and laboratory findings, not elsewhere classified"
1776,R17,,"Symptoms, signs and abnormal clinical and laboratory findings, not elsewhere classified"
1777,R18,,"Symptoms, signs and abnormal clinical and laboratory findings, not elsewhere classified"
1778,R19,,"Symptoms, signs and abnormal clinical and laboratory findings, not elsewhere classified"
1779,R20,,"Symptoms, signs and abnormal clinical and laboratory findings, not elsewhere classified"
1780,R21,,"Symptoms, signs and abnormal clinical and laboratory findings, not elsewhere classified"
1781,R22,,"Symptoms, signs and abnormal clinical and laboratory findings, not elsewhere classified"
1782,R23,,"Symptoms, signs and abnormal clinical and laboratory findings, not elsewhere classified"
1783,R24,,"Symptoms, signs and abnormal clinical and laboratory findings, not elsewhere classified"
1784,R25,,"Symptoms, signs and abnormal clinical and laboratory findings, not elsewhere classified"
1785,R26,,"Symptoms, signs and abnormal clinical and laboratory findings, not elsewhere classified"
1786,R27,,"Symptoms, signs and abnormal clinical and laboratory findings, not elsewhere classified"
1787,R28,,"Symptoms, signs and abnormal clinical and laboratory findings, not elsewhere classified"
1788,R29,,"Symptoms, signs and abnormal clinical and laboratory findings, not elsewhere classified"
1789,R30,,"Symptoms, signs and abnormal clinical and laboratory findings, not elsewhere classified"
1790,R31,,"Symptoms, signs and abnormal clinical and laboratory findings, not elsewhere classified"
1791,R32,,"Symptoms, signs and abnormal clinical and laboratory findings, not elsewhere classified"
1792,R33,,"Symptoms, signs and abnormal clinical and laboratory findings, not elsewhere classified"
1793,R34,,"Symptoms, signs and abnormal clinical and laboratory findings, not elsewhere classified"
1794,R35,,"Symptoms, signs and abnormal clinical and laboratory findings, not elsewhere classified"
1795,R36,,"Symptoms, signs and abnormal clinical and laboratory findings, not elsewhere classified"
1796,R37,,"Symptoms, signs and abnormal clinical and laboratory findings, not elsewhere classified"
1797,R38,,"Symptoms, signs and abnormal clinical and laboratory findings, not elsewhere classified"
1798,R39,,"Symptoms, signs and abnormal clinical and laboratory findings, not elsewhere classified"
1799,R40,,"Symptoms, signs and abnormal clinical and laboratory findings, not elsewhere classified"
1800,R41,,"Symptoms, signs and abnormal clinical and laboratory findings, not elsewhere classified"
1801,R42,,"Symptoms, signs and abnormal clinical and laboratory findings, not elsewhere classified"
1802,R43,,"Symptoms, signs and abnormal clinical and laboratory findings, not elsewhere classified"
1803,R44,,"Symptoms, signs and abnormal clinical and laboratory findings, not elsewhere classified"
1804,R45,,"Symptoms, signs and abnormal clinical and laboratory findings, not elsewhere classified"
1805,R46,,"Symptoms, signs and abnormal clinical and laboratory findings, not elsewhere classified"
1806,R47,,"Symptoms, signs and abnormal clinical and laboratory findings, not elsewhere classified"
1807,R48,,"Symptoms, signs and abnormal clinical and laboratory findings, not elsewhere classified"
1808,R49,,"Symptoms, signs and abnormal clinical and laboratory findings, not elsewhere classified"
1809,R50,,"Symptoms, signs and abnormal clinical and laboratory findings, not elsewhere classified"
1810,R51,,"Symptoms, signs and abnormal clinical and laboratory findings, not elsewhere classified"
1811,R52,,"Symptoms, signs and abnormal clinical and laboratory findings, not elsewhere classified"
1812,R53,,"Symptoms, signs and abnormal clinical and laboratory findings, not elsewhere classified"
1813,R54,,"Symptoms, signs and abnormal clinical and laboratory findings, not elsewhere classified"
1814,R55,,"Symptoms, signs and abnormal clinical and laboratory findings, not elsewhere classified"
1815,R56,,"Symptoms, signs and abnormal clinical and laboratory findings, not elsewhere classified"
1816,R57,,"Symptoms, signs and abnormal clinical and laboratory findings, not elsewhere classified"
1817,R58,,"Symptoms, signs and abnormal clinical and laboratory findings, not elsewhere classified"
1818,R59,,"Symptoms, signs and abnormal clinical and laboratory findings, not elsewhere classified"
1819,R60,,"Symptoms, signs and abnormal clinical and laboratory findings, not elsewhere classified"
1820,R61,,"Symptoms, signs and abnormal clinical and laboratory findings, not elsewhere classified"
1821,R62,,"Symptoms, signs and abnormal clinical and laboratory findings, not elsewhere classified"
1822,R63,,"Symptoms, signs and abnormal clinical and laboratory findings, not elsewhere classified"
1823,R64,,"Symptoms, signs and abnormal clinical and laboratory findings, not elsewhere classified"
1824,R65,,"Symptoms, signs and abnormal clinical and laboratory findings, not elsewhere classified"
1825,R66,,"Symptoms, signs and abnormal clinical and laboratory findings, not elsewhere classified"
1826,R67,,"Symptoms, signs and abnormal clinical and laboratory findings, not elsewhere classified"
1827,R68,,"Symptoms, signs and abnormal clinical and laboratory findings, not elsewhere classified"
1828,R69,,"Symptoms, signs and abnormal clinical and laboratory findings, not elsewhere classified"
1829,R70,,"Symptoms, signs and abnormal clinical and laboratory findings, not elsewhere classified"
1830,R71,,"Symptoms, signs and abnormal clinical and laboratory findings, not elsewhere classified"
1831,R72,,"Symptoms, signs and abnormal clinical and laboratory findings, not elsewhere classified"
1832,R73,,"Symptoms, signs and abnormal clinical and laboratory findings, not elsewhere classified"
1833,R74,,"Symptoms, signs and abnormal clinical and laboratory findings, not elsewhere classified"
1834,R75,,"Symptoms, signs and abnormal clinical and laboratory findings, not elsewhere classified"
1835,R76,,"Symptoms, signs and abnormal clinical and laboratory findings, not elsewhere classified"
1836,R77,,"Symptoms, signs and abnormal clinical and laboratory findings, not elsewhere classified"
1837,R78,,"Symptoms, signs and abnormal clinical and laboratory findings, not elsewhere classified"
1838,R79,,"Symptoms, signs and abnormal clinical and laboratory findings, not elsewhere classified"
1839,R80,,"Symptoms, signs and abnormal clinical and laboratory findings, not elsewhere classified"
1840,R81,,"Symptoms, signs and abnormal clinical and laboratory findings, not elsewhere classified"
1841,R82,,"Symptoms, signs and abnormal clinical and laboratory findings, not elsewhere classified"
1842,R83,,"Symptoms, signs and abnormal clinical and laboratory findings, not elsewhere classified"
1843,R84,,"Symptoms, signs and abnormal clinical and laboratory findings, not elsewhere classified"
1844,R85,,"Symptoms, signs and abnormal clinical and laboratory findings, not elsewhere classified"
1845,R86,,"Symptoms, signs and abnormal clinical and laboratory findings, not elsewhere classified"
1846,R87,,"Symptoms, signs and abnormal clinical and laboratory findings, not elsewhere classified"
1847,R88,,"Symptoms, signs and abnormal clinical and laboratory findings, not elsewhere classified"
1848,R89,,"Symptoms, signs and abnormal clinical and laboratory findings, not elsewhere classified"
1849,R90,,"Symptoms, signs and abnormal clinical and laboratory findings, not elsewhere classified"
1850,R91,,"Symptoms, signs and abnormal clinical and laboratory findings, not elsewhere classified"
1851,R92,,"Symptoms, signs and abnormal clinical and laboratory findings, not elsewhere classified"
1852,R93,,"Symptoms, signs and abnormal clinical and laboratory findings, not elsewhere classified"
1853,R94,,"Symptoms, signs and abnormal clinical and laboratory findings, not elsewhere classified"
1854,R95,,"Symptoms, signs and abnormal clinical and laboratory findings, not elsewhere classified"
1855,R96,,"Symptoms, signs and abnormal clinical and laboratory findings, not elsewhere classified"
1856,R97,,"Symptoms, signs and abnormal clinical and laboratory findings, not elsewhere classified"
1857,R98,,"Symptoms, signs and abnormal clinical and laboratory findings, not elsewhere classified"
1858,R99,,"Symptoms, signs and abnormal clinical and laboratory findings, not elsewhere classified"
1859,V01,,Transport accidents
1860,V02,,Transport accidents
1861,V03,,Transport accidents
1862,V04,,Transport accidents
1863,V05,,Transport accidents
1864,V06,,Transport accidents
1865,V07,,Transport accidents
1866,V08,,Transport accidents
1867,V09,,Transport accidents
1868,V10,,Transport accidents
1869,V11,,Transport accidents
1870,V12,,Transport accidents
1871,V13,,Transport accidents
1872,V14,,Transport accidents
1873,V15,,Transport accidents
1874,V16,,Transport accidents
1875,V17,,Transport accidents
1876,V18,,Transport accidents
1877,V19,,Transport accidents
1878,V20,,Transport accidents
1879,V21,,Transport accidents
1880,V22,,Transport accidents
1881,V23,,Transport accidents
1882,V24,,Transport accidents
1883,V25,,Transport accidents
1884,V26,,Transport accidents
1885,V27,,Transport accidents
1886,V28,,Transport accidents
1887,V29,,Transport accidents
1888,V30,,Transport accidents
1889,V31,,Transport accidents
1890,V32,,Transport accidents
1891,V33,,Transport accidents
1892,V34,,Transport accidents
1893,V35,,Transport accidents
1894,V36,,Transport accidents
1895,V37,,Transport accidents
1896,V38,,Transport accidents
1897,V39,,Transport accidents
1898,V40,,Transport accidents
1899,V41,,Transport accidents
1900,V42,,Transport accidents
1901,V43,,Transport accidents
1902,V44,,Transport accidents
1903,V45,,Transport accidents
1904,V46,,Transport accidents
1905,V47,,Transport accidents
1906,V48,,Transport accidents
1907,V49,,Transport accidents
1908,V50,,Transport accidents
1909,V51,,Transport accidents
1910,V52,,Transport accidents
1911,V53,,Transport accidents
1912,V54,,Transport accidents
1913,V55,,Transport accidents
1914,V56,,Transport accidents
1915,V57,,Transport accidents
1916,V58,,Transport accidents
1917,V59,,Transport accidents
1918,V60,,Transport accidents
1919,V61,,Transport accidents
1920,V62,,Transport accidents
1921,V63,,Transport accidents
1922,V64,,Transport accidents
1923,V65,,Transport accidents
1924,V66,,Transport accidents
1925,V67,,Transport accidents
1926,V68,,Transport accidents
1927,V69,,Transport accidents
1928,V70,,Transport accidents
1929,V71,,Transport accidents
1930,V72,,Transport accidents
1931,V73,,Transport accidents
1932,V74,,Transport accidents
1933,V75,,Transport accidents
1934,V76,,Transport accidents
1935,V77,,Transport accidents
1936,V78,,Transport accidents
1937,V79,,Transport accidents
1938,V80,,Transport accidents
1939,V81,,Transport accidents
1940,V82,,Transport accidents
1941,V83,,Transport accidents
1942,V84,,Transport accidents
1943,V85,,Transport accidents
1944,V86,,Transport accidents
1945,V87,,Transport accidents
1946,V88,,Transport accidents
1947,V89,,Transport accidents
1948,V90,,Transport accidents
1949,V91,,Transport accidents
1950,V92,,Transport accidents
1951,V93,,Transport accidents
1952,V94,,Transport accidents
1953,V95,,Transport accidents
1954,V96,,Transport accidents
1955,V97,,Transport accidents
1956,V98,,Transport accidents
1957,V99,,Transport accidents
1958,W00,,Falls
1959,W01,,Falls
1960,W02,,Falls
1961,W03,,Falls
1962,W04,,Falls
1963,W05,,Falls
1964,W06,,Falls
1965,W07,,Falls
1966,W08,,Falls
1967,W09,,Falls
1968,W10,,Falls
1969,W11,,Falls
1970,W12,,Falls
1971,W13,,Falls
1972,W14,,Falls
1973,W15,,Falls
1974,W16,,Falls
1975,W17,,Falls
1976,W18,,Falls
1977,W19,,Falls
1978,W20,,All other external causes
1979,W21,,All other external causes
1980,W22,,All other external causes
1981,W23,,All other external causes
1982,W24,,All other external causes
1983,W25,,All other external causes
1984,W26,,All other external causes
1985,W27,,All other external causes
1986,W28,,All other external causes
1987,W29,,All other external causes
1988,W30,,All other external causes
1989,W31,,All other external causes
1990,W32,,All other external causes
1991,W33,,All other external causes
1992,W34,,All other external causes
1993,W35,,All other external causes
1994,W36,,All other external causes
1995,W37,,All other external causes
1996,W38,,All other external causes
1997,W39,,All other external causes
1998,W40,,All other external causes
1999,W41,,All other external causes
2000,W42,,All other external causes
2001,W43,,All other external causes
2002,W44,,All other external causes
2003,W45,,All other external causes
2004,W46,,All other external causes
2005,W47,,All other external causes
2006,W48,,All other external causes
2007,W49,,All other external causes
2008,W50,,All other external causes
2009,W51,,All other external causes
2010,W52,,All other external causes
2011,W53,,All other external causes
2012,W54,,All other external causes
2013,W55,,All other external causes
2014,W56,,All other external causes
2015,W57,,All other external causes
2016,W58,,All other external causes
2017,W59,,All other external causes
2018,W60,,All other external causes
2019,W61,,All other external causes
2020,W62,,All other external causes
2021,W63,,All other external causes
2022,W64,,All other external causes
2023,W65,,Accidental drowning and submersion
2024,W66,,Accidental drowning and submersion
2025,W67,,Accidental drowning and submersion
2026,W68,,Accidental drowning and submersion
2027,W69,,Accidental drowning and submersion
2028,W70,,Accidental drowning and submersion
2029,W71,,Accidental drowning and submersion
2030,W72,,Accidental drowning and submersion
2031,W73,,Accidental drowning and submersion
2032,W74,,Accidental drowning and submersion
2033,W75,,All other external causes
2034,W76,,All other external causes
2035,W77,,All other external causes
2036,W78,,All other external causes
2037,W79,,All other external causes
2038,W80,,All other external causes
2039,W81,,All other external causes
2040,W82,,All other external causes
2041,W83,,All other external causes
2042,W84,,All other external causes
2043,W85,,All other external causes
2044,W86,,All other external causes
2045,W87,,All other external causes
2046,W88,,All other external causes
2047,W89,,All other external causes
2048,W90,,All other external causes
2049,W91,,All other external causes
2050,W92,,All other external causes
2051,W93,,All other external causes
2052,W94,,All other external causes
2053,W95,,All other external causes
2054,W96,,All other external causes
2055,W97,,All other external causes
2056,W98,,All other external causes
2057,W99,,All other external causes
2058,X00,,"Exposure to smoke, fire and flames"
2059,X01,,"Exposure to smoke, fire and flames"
2060,X02,,"Exposure to smoke, fire and flames"
2061,X03,,"Exposure to smoke, fire and flames"
2062,X04,,"Exposure to smoke, fire and flames"
2063,X05,,"Exposure to smoke, fire and flames"
2064,X06,,"Exposure to smoke, fire and flames"
2065,X07,,"Exposure to smoke, fire and flames"
2066,X08,,"Exposure to smoke, fire and flames"
2067,X09,,"Exposure to smoke, fire and flames"
2068,X10,,All other external causes
2069,X11,,All other external causes
2070,X12,,All other external causes
2071,X13,,All other external causes
2072,X14,,All other external causes
2073,X15,,All other external causes
2074,X16,,All other external causes
2075,X17,,All other external causes
2076,X18,,All other external causes
2077,X19,,All other external causes
2078,X20,,All other external causes
2079,X21,,All other external causes
2080,X22,,All other external causes
2081,X23,,All other external causes
2082,X24,,All other external causes
2083,X25,,All other external causes
2084,X26,,All other external causes
2085,X27,,All other external causes
2086,X28,,All other external causes
2087,X29,,All other external causes
2088,X30,,All other external causes
2089,X31,,All other external causes
2090,X32,,All other external causes
2091,X33,,All other external causes
2092,X34,,All other external causes
2093,X35,,All other external causes
2094,X36,,All other external causes
2095,X37,,All other external causes
2096,X38,,All other external causes
2097,X39,,All other external causes
2098,X40,,Accidental poisoning by and exposure to noxious substances
2099,X41,,Accidental poisoning by and exposure to noxious substances
2100,X42,,Accidental poisoning by and exposure to noxious substances
2101,X43,,Accidental poisoning by and exposure to noxious substances
2102,X44,,Accidental poisoning by and exposure to noxious substances
2103,X45,,Accidental poisoning by and exposure to noxious substances
2104,X46,,Accidental poisoning by and exposure to noxious substances
2105,X47,,Accidental poisoning by and exposure to noxious substances
2106,X48,,Accidental poisoning by and exposure to noxious substances
2107,X49,,Accidental poisoning by and exposure to noxious substances
2108,X50,,All other external causes
2109,X51,,All other external causes
2110,X52,,All other external causes
2111,X53,,All other external causes
2112,X54,,All other external causes
2113,X55,,All other external causes
2114,X56,,All other external causes
2115,X57,,All other external causes
2116,X58,,All other external causes
2117,X59,,All other external causes
2118,X60,,Intentional self-harm
2119,X61,,Intentional self-harm
2120,X62,,Intentional self-harm
2121,X63,,Intentional self-harm
2122,X64,,Intentional self-harm
2123,X65,,Intentional self-harm
2124,X66,,Intentional self-harm
2125,X67,,Intentional self-harm
2126,X68,,Intentional self-harm
2127,X69,,Intentional self-harm
2128,X70,,Intentional self-harm
2129,X71,,Intentional self-harm
2130,X72,,Intentional self-harm
2131,X73,,Intentional self-harm
2132,X74,,Intentional self-harm
2133,X75,,Intentional self-harm
2134,X76,,Intentional self-harm
2135,X77,,Intentional self-harm
2136,X78,,Intentional self-harm
2137,X79,,Intentional self-harm
2138,X80,,Intentional self-harm
2139,X81,,Intentional self-harm
2140,X82,,Intentional self-harm
2141,X83,,Intentional self-harm
2142,X84,,Intentional self-harm
2143,X85,,Assault
2144,X86,,Assault
2145,X87,,Assault
2146,X88,,Assault
2147,X89,,Assault
2148,X90,,Assault
2149,X91,,Assault
2150,X92,,Assault
2151,X93,,Assault
2152,X94,,Assault
2153,X95,,Assault
2154,X96,,Assault
2155,X97,,Assault
2156,X98,,Assault
2157,X99,,Assault
2158,Y00,,Assault
2159,Y01,,Assault
2160,Y02,,Assault
2161,Y03,,Assault
2162,Y04,,Assault
2163,Y05,,Assault
2164,Y06,,Assault
2165,Y07,,Assault
2166,Y08,,Assault
2167,Y09,,Assault
2168,Y10,,All other external causes
2169,Y11,,All other external causes
2170,Y12,,All other external causes
2171,Y13,,All other external causes
2172,Y14,,All other external causes
2173,Y15,,All other external causes
2174,Y16,,All other external causes
2175,Y17,,All other external causes
2176,Y18,,All other external causes
2177,Y19,,All other external causes
2178,Y20,,All other external causes
2179,Y21,,All other external causes
2180,Y22,,All other external causes
2181,Y23,,All other external causes
2182,Y24,,All other external causes
2183,Y25,,All other external causes
2184,Y26,,All other external causes
2185,Y27,,All other external causes
2186,Y28,,All other external causes
2187,Y29,,All other external causes
2188,Y30,,All other external causes
2189,Y31,,All other external causes
2190,Y32,,All other external causes
2191,Y33,,All other external causes
2192,Y34,,All other external causes
2193,Y35,,All other external causes
2194,Y36,,All other external causes
2195,Y37,,All other external causes
2196,Y38,,All other external causes
2197,Y39,,All other external causes
2198,Y40,,All other external causes
2199,Y41,,All other external causes
2200,Y42,,All other external causes
2201,Y43,,All other external causes
2202,Y44,,All other external causes
2203,Y45,,All other external causes
2204,Y46,,All other external causes
2205,Y47,,All other external causes
2206,Y48,,All other external causes
2207,Y49,,All other external causes
2208,Y50,,All other external causes
2209,Y51,,All other external causes
2210,Y52,,All other external causes
2211,Y53,,All other external causes
2212,Y54,,All other external causes
2213,Y55,,All other external causes
2214,Y56,,All other external causes
2215,Y57,,All other external causes
2216,Y58,,All other external causes
2217,Y59,,All other external causes
2218,Y60,,All other external causes
2219,Y61,,All other external causes
2220,Y62,,All other external causes
2221,Y63,,All other external causes
2222,Y64,,All other external causes
2223,Y65,,All other external causes
2224,Y66,,All other external causes
2225,Y67,,All other external causes
2226,Y68,,All other external causes
2227,Y69,,All other external causes
2228,Y70,,All other external causes
2229,Y71,,All other external causes
2230,Y72,,All other external causes
2231,Y73,,All other external causes
2232,Y74,,All other external causes
2233,Y75,,All other external causes
2234,Y76,,All other external causes
2235,Y77,,All other external causes
2236,Y78,,All other external causes
2237,Y79,,All other external causes
2238,Y80,,All other external causes
2239,Y81,,All other external causes
2240,Y82,,All other external causes
2241,Y83,,All other external causes
2242,Y84,,All other external causes
2243,Y85,,All other external causes
2244,Y86,,All other external causes
2245,Y87,,All other external causes
2246,Y88,,All other external causes
2247,Y89,,All other external causes
2248,A00,,Cholera
2249,A01,,Other intestinal infectious diseases
2250,A02,,Other intestinal infectious diseases
2251,A03,,Other intestinal infectious diseases
2252,A04,,Other intestinal infectious diseases
2253,A05,,Other intestinal infectious diseases
2254,A06,,Other intestinal infectious diseases
2255,A07,,Other intestinal infectious diseases
2256,A08,,Other intestinal infectious diseases
2257,A09,,Diarrhoea and gastroenteritis of presumed infectious origin
2258,A10,,Certain infectious and parasitic diseases
2259,A11,,Certain infectious and parasitic diseases
2260,A12,,Certain infectious and parasitic diseases
2261,A13,,Certain infectious and parasitic diseases
2262,A14,,Certain infectious and parasitic diseases
2263,A15,,Respiratory tuberculosis
2264,A16,,Respiratory tuberculosis
2265,A17,,Other tuberculosis
2266,A18,,Other tuberculosis
2267,A19,,Other tuberculosis
2268,A20,,Plague
2269,A21,,Remainder of certain infectious and parasitic diseases
2270,A22,,Remainder of certain infectious and parasitic diseases
2271,A23,,Remainder of certain infectious and parasitic diseases
2272,A24,,Remainder of certain infectious and parasitic diseases
2273,A25,,Remainder of certain infectious and parasitic diseases
2274,A26,,Remainder of certain infectious and parasitic diseases
2275,A27,,Remainder of certain infectious and parasitic diseases
2276,A28,,Remainder of certain infectious and parasitic diseases
2277,A29,,Remainder of certain infectious and parasitic diseases
2278,A30,,Remainder of certain infectious and parasitic diseases
2279,A31,,Remainder of certain infectious and parasitic diseases
2280,A32,,Remainder of certain infectious and parasitic diseases
2281,A33,,Tetanus
2282,A34,,Tetanus
2283,A35,,Tetanus
2284,A36,,Diphtheria
2285,A37,,Whooping cough
2286,A38,,Remainder of certain infectious and parasitic diseases
2287,A39,,Meningococcal infection
2288,A40,,Septicaemia
2289,A41,,Septicaemia
2290,A42,,Remainder of certain infectious and parasitic diseases
2291,A43,,Remainder of certain infectious and parasitic diseases
2292,A44,,Remainder of certain infectious and parasitic diseases
2293,A45,,Remainder of certain infectious and parasitic diseases
2294,A46,,Remainder of certain infectious and parasitic diseases
2295,A47,,Remainder of certain infectious and parasitic diseases
2296,A48,,Remainder of certain infectious and parasitic diseases
2297,A49,,Remainder of certain infectious and parasitic diseases
2298,A50,,Infections with a predominantly sexual mode of transmission
2299,A51,,Infections with a predominantly sexual mode of transmission
2300,A52,,Infections with a predominantly sexual mode of transmission
2301,A53,,Infections with a predominantly sexual mode of transmission
2302,A54,,Infections with a predominantly sexual mode of transmission
2303,A55,,Infections with a predominantly sexual mode of transmission
2304,A56,,Infections with a predominantly sexual mode of transmission
2305,A57,,Infections with a predominantly sexual mode of transmission
2306,A58,,Infections with a predominantly sexual mode of transmission
2307,A59,,Infections with a predominantly sexual mode of transmission
2308,A60,,Infections with a predominantly sexual mode of transmission
2309,A61,,Infections with a predominantly sexual mode of transmission
2310,A62,,Infections with a predominantly sexual mode of transmission
2311,A63,,Infections with a predominantly sexual mode of transmission
2312,A64,,Infections with a predominantly sexual mode of transmission
2313,A65,,Remainder of certain infectious and parasitic diseases
2314,A66,,Remainder of certain infectious and parasitic diseases
2315,A67,,Remainder of certain infectious and parasitic diseases
2316,A68,,Remainder of certain infectious and parasitic diseases
2317,A69,,Remainder of certain infectious and parasitic diseases
2318,A70,,Remainder of certain infectious and parasitic diseases
2319,A71,,Remainder of certain infectious and parasitic diseases
2320,A72,,Remainder of certain infectious and parasitic diseases
2321,A73,,Remainder of certain infectious and parasitic diseases
2322,A74,,Remainder of certain infectious and parasitic diseases
2323,A75,,Remainder of certain infectious and parasitic diseases
2324,A76,,Remainder of certain infectious and parasitic diseases
2325,A77,,Remainder of certain infectious and parasitic diseases
2326,A78,,Remainder of certain infectious and parasitic diseases
2327,A79,,Remainder of certain infectious and parasitic diseases
2328,A80,,Acute poliomyelitis
2329,A81,,Remainder of certain infectious and parasitic diseases
2330,A82,,Rabies
2331,A83,,Remainder of certain infectious and parasitic diseases
2332,A84,,Remainder of certain infectious and parasitic diseases
2333,A85,,Remainder of certain infectious and parasitic diseases
2334,A86,,Remainder of certain infectious and parasitic diseases
2335,A87,,Remainder of certain infectious and parasitic diseases
2336,A88,,Remainder of certain infectious and parasitic diseases
2337,A89,,Remainder of certain infectious and parasitic diseases
2338,A90,,Other arthropod-borne viral fevers and viral haemorrhagic fevers
2339,A91,,Other arthropod-borne viral fevers and viral haemorrhagic fevers
2340,A92,,Other arthropod-borne viral fevers and viral haemorrhagic fevers
2341,A93,,Other arthropod-borne viral fevers and viral haemorrhagic fevers
2342,A94,,Other arthropod-borne viral fevers and viral haemorrhagic fevers
2343,A95,,Yellow fever
2344,A96,,Other arthropod-borne viral fevers and viral haemorrhagic fevers
2345,A97,,Other arthropod-borne viral fevers and viral haemorrhagic fevers
2346,A98,,Other arthropod-borne viral fevers and viral haemorrhagic fevers
2347,A99,,Other arthropod-borne viral fevers and viral haemorrhagic fevers
2348,B00,,Remainder of certain infectious and parasitic diseases
2349,B01,,Remainder of certain infectious and parasitic diseases
2350,B02,,Remainder of certain infectious and parasitic diseases
2351,B03,,Remainder of certain infectious and parasitic diseases
2352,B04,,Remainder of certain infectious and parasitic diseases
2353,B05,,Measles
2354,B06,,Remainder of certain infectious and parasitic diseases
2355,B07,,Remainder of certain infectious and parasitic diseases
2356,B08,,Remainder of certain infectious and parasitic diseases
2357,B09,,Remainder of certain infectious and parasitic diseases
2358,B10,,Certain infectious and parasitic diseases
2359,B11,,Certain infectious and parasitic diseases
2360,B12,,Certain infectious and parasitic diseases
2361,B13,,Certain infectious and parasitic diseases
2362,B14,,Certain infectious and parasitic diseases
2363,B15,,Viral hepatitis
2364,B16,,Viral hepatitis
2365,B17,,Viral hepatitis
2366,B18,,Viral hepatitis
2367,B19,,Viral hepatitis
2368,B20,,Human immunodeficiency virus [HIV] disease
2369,B21,,Human immunodeficiency virus [HIV] disease
2370,B22,,Human immunodeficiency virus [HIV] disease
2371,B23,,Human immunodeficiency virus [HIV] disease
2372,B24,,Human immunodeficiency virus [HIV] disease
2373,B25,,Remainder of certain infectious and parasitic diseases
2374,B26,,Remainder of certain infectious and parasitic diseases
2375,B27,,Remainder of certain infectious and parasitic diseases
2376,B28,,Remainder of certain infectious and parasitic diseases
2377,B29,,Remainder of certain infectious and parasitic diseases
2378,B30,,Remainder of certain infectious and parasitic diseases
2379,B31,,Remainder of certain infectious and parasitic diseases
2380,B32,,Remainder of certain infectious and parasitic diseases
2381,B33,,Remainder of certain infectious and parasitic diseases
2382,B34,,Remainder of certain infectious and parasitic diseases
2383,B35,,Remainder of certain infectious and parasitic diseases
2384,B36,,Remainder of certain infectious and parasitic diseases
2385,B37,,Remainder of certain infectious and parasitic diseases
2386,B38,,Remainder of certain infectious and parasitic diseases
2387,B39,,Remainder of certain infectious and parasitic diseases
2388,B40,,Remainder of certain infectious and parasitic diseases
2389,B41,,Remainder of certain infectious and parasitic diseases
2390,B42,,Remainder of certain infectious and parasitic diseases
2391,B43,,Remainder of certain infectious and parasitic diseases
2392,B44,,Remainder of certain infectious and parasitic diseases
2393,B45,,Remainder of certain infectious and parasitic diseases
2394,B46,,Remainder of certain infectious and parasitic diseases
2395,B47,,Remainder of certain infectious and parasitic diseases
2396,B48,,Remainder of certain infectious and parasitic diseases
2397,B49,,Remainder of certain infectious and parasitic diseases
2398,B50,,Malaria
2399,B51,,Malaria
2400,B52,,Malaria
2401,B53,,Malaria
2402,B54,,Malaria
2403,B55,,Leishmaniasis
2404,B56,,Trypanosomiasis
2405,B57,,Trypanosomiasis
2406,B58,,Remainder of certain infectious and parasitic diseases
2407,B59,,Remainder of certain infectious and parasitic diseases
2408,B60,,Remainder of certain infectious and parasitic diseases
2409,B61,,Remainder of certain infectious and parasitic diseases
2410,B62,,Remainder of certain infectious and parasitic diseases
2411,B63,,Remainder of certain infectious and parasitic diseases
2412,B64,,Remainder of certain infectious and parasitic diseases
2413,B65,,Schistosomiasis
2414,B66,,Remainder of certain infectious and parasitic diseases
2415,B67,,Remainder of certain infectious and parasitic diseases
2416,B68,,Remainder of certain infectious and parasitic diseases
2417,B69,,Remainder of certain infectious and parasitic diseases
2418,B70,,Remainder of certain infectious and parasitic diseases
2419,B71,,Remainder of certain infectious and parasitic diseases
2420,B72,,Remainder of certain infectious and parasitic diseases
2421,B73,,Remainder of certain infectious and parasitic diseases
2422,B74,,Remainder of certain infectious and parasitic diseases
2423,B75,,Remainder of certain infectious and parasitic diseases
2424,B76,,Remainder of certain infectious and parasitic diseases
2425,B77,,Remainder of certain infectious and parasitic diseases
2426,B78,,Remainder of certain infectious and parasitic diseases
2427,B79,,Remainder of certain infectious and parasitic diseases
2428,B80,,Remainder of certain infectious and parasitic diseases
2429,B81,,Remainder of certain infectious and parasitic diseases
2430,B82,,Remainder of certain infectious and parasitic diseases
2431,B83,,Remainder of certain infectious and parasitic diseases
2432,B84,,Remainder of certain infectious and parasitic diseases
2433,B85,,Remainder of certain infectious and parasitic diseases
2434,B86,,Remainder of certain infectious and parasitic diseases
2435,B87,,Remainder of certain infectious and parasitic diseases
2436,B88,,Remainder of certain infectious and parasitic diseases
2437,B89,,Remainder of certain infectious and parasitic diseases
2438,B90,,Remainder of certain infectious and parasitic diseases
2439,B91,,Remainder of certain infectious and parasitic diseases
2440,B92,,Remainder of certain infectious and parasitic diseases
2441,B93,,Remainder of certain infectious and parasitic diseases
2442,B94,,Remainder of certain infectious and parasitic diseases
2443,B95,,Certain infectious and parasitic diseases
2444,B96,,Certain infectious and parasitic diseases
2445,B97,,Certain infectious and parasitic diseases
2446,B98,,Certain infectious and parasitic diseases
2447,B99,,Remainder of certain infectious and parasitic diseases
2448,C00,,"Malignant neoplasm of lip, oral cavity and pharynx"
2449,C01,,"Malignant neoplasm of lip, oral cavity and pharynx"
2450,C02,,"Malignant neoplasm of lip, oral cavity and pharynx"
2451,C03,,"Malignant neoplasm of lip, oral cavity and pharynx"
2452,C04,,"Malignant neoplasm of lip, oral cavity and pharynx"
2453,C05,,"Malignant neoplasm of lip, oral cavity and pharynx"
2454,C06,,"Malignant neoplasm of lip, oral cavity and pharynx"
2455,C07,,"Malignant neoplasm of lip, oral cavity and pharynx"
2456,C08,,"Malignant neoplasm of lip, oral cavity and pharynx"
2457,C09,,"Malignant neoplasm of lip, oral cavity and pharynx"
2458,C10,,"Malignant neoplasm of lip, oral cavity and pharynx"
2459,C11,,"Malignant neoplasm of lip, oral cavity and pharynx"
2460,C12,,"Malignant neoplasm of lip, oral cavity and pharynx"
2461,C13,,"Malignant neoplasm of lip, oral cavity and pharynx"
2462,C14,,"Malignant neoplasm of lip, oral cavity and pharynx"
2463,C15,,Malignant neoplasm of oesophagus
2464,C16,,Malignant neoplasm of stomach
2465,C17,,Remainder of malignant neoplasms
2466,C18,,"Malignant neoplasm of colon, rectum and anus"
2467,C19,,"Malignant neoplasm of colon, rectum and anus"
2468,C20,,"Malignant neoplasm of colon, rectum and anus"
2469,C21,,"Malignant neoplasm of colon, rectum and anus"
2470,C22,,Malignant neoplasm of liver and intrahepatic bile ducts
2471,C23,,Remainder of malignant neoplasms
2472,C24,,Remainder of malignant neoplasms
2473,C25,,Malignant neoplasm of pancreas
2474,C26,,Remainder of malignant neoplasms
2475,C27,,Remainder of malignant neoplasms
2476,C28,,Remainder of malignant neoplasms
2477,C29,,Remainder of malignant neoplasms
2478,C30,,Remainder of malignant neoplasms
2479,C31,,Remainder of malignant neoplasms
2480,C32,,Malignant neoplasm of larynx
2481,C33,,"Malignant neoplasm of trachea, bronchus and lung"
2482,C34,,"Malignant neoplasm of trachea, bronchus and lung"
2483,C35,,Neoplasms
2484,C36,,Neoplasms
2485,C37,,Remainder of malignant neoplasms
2486,C38,,Remainder of malignant neoplasms
2487,C39,,Remainder of malignant neoplasms
2488,C40,,Remainder of malignant neoplasms
2489,C41,,Remainder of malignant neoplasms
2490,C42,,Neoplasms
2491,C43,,Malignant melanoma of skin
2492,C44,,Remainder of malignant neoplasms
2493,C45,,Remainder of malignant neoplasms
2494,C46,,Remainder of malignant neoplasms
2495,C47,,Remainder of malignant neoplasms
2496,C48,,Remainder of malignant neoplasms
2497,C49,,Remainder of malignant neoplasms
2498,C50,,Malignant neoplasm of breast
2499,C51,,Remainder of malignant neoplasms
2500,C52,,Remainder of malignant neoplasms
2501,C53,,Malignant neoplasm of cervix uteri
2502,C54,,Malignant neoplasm of other and unspecified parts of uterus
2503,C55,,Malignant neoplasm of other and unspecified parts of uterus
2504,C56,,Malignant neoplasm of ovary
2505,C57,,Remainder of malignant neoplasms
2506,C58,,Remainder of malignant neoplasms
2507,C59,,Remainder of malignant neoplasms
2508,C60,,Remainder of malignant neoplasms
2509,C61,,Malignant neoplasm of prostate
2510,C62,,Remainder of malignant neoplasms
2511,C63,,Remainder of malignant neoplasms
2512,C64,,Remainder of malignant neoplasms
2513,C65,,Remainder of malignant neoplasms
2514,C66,,Remainder of malignant neoplasms
2515,C67,,Malignant neoplasm of bladder
2516,C68,,Remainder of malignant neoplasms
2517,C69,,Remainder of malignant neoplasms
2518,C70,,"Malignant neoplasm of meninges, brain and other parts of central nervous system"
2519,C71,,"Malignant neoplasm of meninges, brain and other parts of central nervous system"
2520,C72,,"Malignant neoplasm of meninges, brain and other parts of central nervous system"
2521,C73,,Remainder of malignant neoplasms
2522,C74,,Remainder of malignant neoplasms
2523,C75,,Remainder of malignant neoplasms
2524,C76,,Remainder of malignant neoplasms
2525,C77,,Remainder of malignant neoplasms
2526,C78,,Remainder of malignant neoplasms
2527,C79,,Remainder of malignant neoplasms
2528,C80,,Remainder of malignant neoplasms
2529,C81,,Remainder of malignant neoplasms
2530,C82,,Non-Hodgkin's lymphoma
2531,C83,,Non-Hodgkin's lymphoma
2532,C84,,Non-Hodgkin's lymphoma
2533,C85,,Non-Hodgkin's lymphoma
2534,C86,,Neoplasms
2535,C87,,Neoplasms
2536,C88,,Remainder of malignant neoplasms
2537,C89,,Neoplasms
2538,C90,,Multiple myeloma and malignant plasma cell neoplasms
2539,C91,,Leukaemia
2540,C92,,Leukaemia
2541,C93,,Leukaemia
2542,C94,,Leukaemia
2543,C95,,Leukaemia
2544,C96,,Remainder of malignant neoplasms
2545,C97,,Remainder of malignant neoplasms
2546,C98,,Neoplasms
2547,C99,,Neoplasms
2548,D00,,Remainder of neoplasms 
2549,D01,,Remainder of neoplasms 
2550,D02,,Remainder of neoplasms 
2551,D03,,Remainder of neoplasms 
2552,D04,,Remainder of neoplasms 
2553,D05,,Remainder of neoplasms 
2554,D06,,Remainder of neoplasms 
2555,D07,,Remainder of neoplasms 
2556,D08,,Remainder of neoplasms 
2557,D09,,Remainder of neoplasms 
2558,D10,,Remainder of neoplasms 
2559,D11,,Remainder of neoplasms 
2560,D12,,Remainder of neoplasms 
2561,D13,,Remainder of neoplasms 
2562,D14,,Remainder of neoplasms 
2563,D15,,Remainder of neoplasms 
2564,D16,,Remainder of neoplasms 
2565,D17,,Remainder of neoplasms 
2566,D18,,Remainder of neoplasms 
2567,D19,,Remainder of neoplasms 
2568,D20,,Remainder of neoplasms 
2569,D21,,Remainder of neoplasms 
2570,D22,,Remainder of neoplasms 
2571,D23,,Remainder of neoplasms 
2572,D24,,Remainder of neoplasms 
2573,D25,,Remainder of neoplasms 
2574,D26,,Remainder of neoplasms 
2575,D27,,Remainder of neoplasms 
2576,D28,,Remainder of neoplasms 
2577,D29,,Remainder of neoplasms 
2578,D30,,Remainder of neoplasms 
2579,D31,,Remainder of neoplasms 
2580,D32,,Remainder of neoplasms 
2581,D33,,Remainder of neoplasms 
2582,D34,,Remainder of neoplasms 
2583,D35,,Remainder of neoplasms 
2584,D36,,Remainder of neoplasms 
2585,D37,,Remainder of neoplasms 
2586,D38,,Remainder of neoplasms 
2587,D39,,Remainder of neoplasms 
2588,D40,,Remainder of neoplasms 
2589,D41,,Remainder of neoplasms 
2590,D42,,Remainder of neoplasms 
2591,D43,,Remainder of neoplasms 
2592,D44,,Remainder of neoplasms 
2593,D45,,Remainder of neoplasms 
2594,D46,,Remainder of neoplasms 
2595,D47,,Remainder of neoplasms 
2596,D48,,Remainder of neoplasms 
2597,D50,,Anaemias
2598,D51,,Anaemias
2599,D52,,Anaemias
2600,D53,,Anaemias
2601,D54,,Anaemias
2602,D55,,Anaemias
2603,D56,,Anaemias
2604,D57,,Anaemias
2605,D58,,Anaemias
2606,D59,,Anaemias
2607,D60,,Anaemias
2608,D61,,Anaemias
2609,D62,,Anaemias
2610,D63,,Anaemias
2611,D64,,Anaemias
2612,D65,,Remainder of diseases of the blood and blood-forming organs and certain disorders involving the immune mechanism
2613,D66,,Remainder of diseases of the blood and blood-forming organs and certain disorders involving the immune mechanism
2614,D67,,Remainder of diseases of the blood and blood-forming organs and certain disorders involving the immune mechanism
2615,D68,,Remainder of diseases of the blood and blood-forming organs and certain disorders involving the immune mechanism
2616,D69,,Remainder of diseases of the blood and blood-forming organs and certain disorders involving the immune mechanism
2617,D70,,Remainder of diseases of the blood and blood-forming organs and certain disorders involving the immune mechanism
2618,D71,,Remainder of diseases of the blood and blood-forming organs and certain disorders involving the immune mechanism
2619,D72,,Remainder of diseases of the blood and blood-forming organs and certain disorders involving the immune mechanism
2620,D73,,Remainder of diseases of the blood and blood-forming organs and certain disorders involving the immune mechanism
2621,D74,,Remainder of diseases of the blood and blood-forming organs and certain disorders involving the immune mechanism
2622,D75,,Remainder of diseases of the blood and blood-forming organs and certain disorders involving the immune mechanism
2623,D76,,Remainder of diseases of the blood and blood-forming organs and certain disorders involving the immune mechanism
2624,D77,,Remainder of diseases of the blood and blood-forming organs and certain disorders involving the immune mechanism
2625,D78,,Remainder of diseases of the blood and blood-forming organs and certain disorders involving the immune mechanism
2626,D79,,Remainder of diseases of the blood and blood-forming organs and certain disorders involving the immune mechanism
2627,D80,,Remainder of diseases of the blood and blood-forming organs and certain disorders involving the immune mechanism
2628,D81,,Remainder of diseases of the blood and blood-forming organs and certain disorders involving the immune mechanism
2629,D82,,Remainder of diseases of the blood and blood-forming organs and certain disorders involving the immune mechanism
2630,D83,,Remainder of diseases of the blood and blood-forming organs and certain disorders involving the immune mechanism
2631,D84,,Remainder of diseases of the blood and blood-forming organs and certain disorders involving the immune mechanism
2632,D85,,Remainder of diseases of the blood and blood-forming organs and certain disorders involving the immune mechanism
2633,D86,,Remainder of diseases of the blood and blood-forming organs and certain disorders involving the immune mechanism
2634,D87,,Remainder of diseases of the blood and blood-forming organs and certain disorders involving the immune mechanism
2635,D88,,Remainder of diseases of the blood and blood-forming organs and certain disorders involving the immune mechanism
2636,D89,,Remainder of diseases of the blood and blood-forming organs and certain disorders involving the immune mechanism
2637,E00,,"Remainder of endocrine, nutritional and metabolic diseases"
2638,E01,,"Remainder of endocrine, nutritional and metabolic diseases"
2639,E02,,"Remainder of endocrine, nutritional and metabolic diseases"
2640,E03,,"Remainder of endocrine, nutritional and metabolic diseases"
2641,E04,,"Remainder of endocrine, nutritional and metabolic diseases"
2642,E05,,"Remainder of endocrine, nutritional and metabolic diseases"
2643,E06,,"Remainder of endocrine, nutritional and metabolic diseases"
2644,E07,,"Remainder of endocrine, nutritional and metabolic diseases"
2645,E08,,"Endocrine, nutritional and metabolic diseases"
2646,E09,,"Endocrine, nutritional and metabolic diseases"
2647,E10,,Diabetes mellitus
2648,E11,,Diabetes mellitus
2649,E12,,Diabetes mellitus
2650,E13,,Diabetes mellitus
2651,E14,,Diabetes mellitus
2652,E15,,"Remainder of endocrine, nutritional and metabolic diseases"
2653,E16,,"Remainder of endocrine, nutritional and metabolic diseases"
2654,E17,,"Remainder of endocrine, nutritional and metabolic diseases"
2655,E18,,"Remainder of endocrine, nutritional and metabolic diseases"
2656,E19,,"Remainder of endocrine, nutritional and metabolic diseases"
2657,E20,,"Remainder of endocrine, nutritional and metabolic diseases"
2658,E21,,"Remainder of endocrine, nutritional and metabolic diseases"
2659,E22,,"Remainder of endocrine, nutritional and metabolic diseases"
2660,E23,,"Remainder of endocrine, nutritional and metabolic diseases"
2661,E24,,"Remainder of endocrine, nutritional and metabolic diseases"
2662,E25,,"Remainder of endocrine, nutritional and metabolic diseases"
2663,E26,,"Remainder of endocrine, nutritional and metabolic diseases"
2664,E27,,"Remainder of endocrine, nutritional and metabolic diseases"
2665,E28,,"Remainder of endocrine, nutritional and metabolic diseases"
2666,E29,,"Remainder of endocrine, nutritional and metabolic diseases"
2667,E30,,"Remainder of endocrine, nutritional and metabolic diseases"
2668,E31,,"Remainder of endocrine, nutritional and metabolic diseases"
2669,E32,,"Remainder of endocrine, nutritional and metabolic diseases"
2670,E33,,"Remainder of endocrine, nutritional and metabolic diseases"
2671,E34,,"Remainder of endocrine, nutritional and metabolic diseases"
2672,E35,,"Endocrine, nutritional and metabolic diseases"
2673,E36,,"Endocrine, nutritional and metabolic diseases"
2674,E37,,"Endocrine, nutritional and metabolic diseases"
2675,E38,,"Endocrine, nutritional and metabolic diseases"
2676,E39,,"Endocrine, nutritional and metabolic diseases"
2677,E40,,Malnutrition
2678,E41,,Malnutrition
2679,E42,,Malnutrition
2680,E43,,Malnutrition
2681,E44,,Malnutrition
2682,E45,,Malnutrition
2683,E46,,Malnutrition
2684,E47,,"Endocrine, nutritional and metabolic diseases"
2685,E48,,"Endocrine, nutritional and metabolic diseases"
2686,E49,,"Endocrine, nutritional and metabolic diseases"
2687,E50,,"Remainder of endocrine, nutritional and metabolic diseases"
2688,E51,,"Remainder of endocrine, nutritional and metabolic diseases"
2689,E52,,"Remainder of endocrine, nutritional and metabolic diseases"
2690,E53,,"Remainder of endocrine, nutritional and metabolic diseases"
2691,E54,,"Remainder of endocrine, nutritional and metabolic diseases"
2692,E55,,"Remainder of endocrine, nutritional and metabolic diseases"
2693,E56,,"Remainder of endocrine, nutritional and metabolic diseases"
2694,E57,,"Remainder of endocrine, nutritional and metabolic diseases"
2695,E58,,"Remainder of endocrine, nutritional and metabolic diseases"
2696,E59,,"Remainder of endocrine, nutritional and metabolic diseases"
2697,E60,,"Remainder of endocrine, nutritional and metabolic diseases"
2698,E61,,"Remainder of endocrine, nutritional and metabolic diseases"
2699,E62,,"Remainder of endocrine, nutritional and metabolic diseases"
2700,E63,,"Remainder of endocrine, nutritional and metabolic diseases"
2701,E64,,"Remainder of endocrine, nutritional and metabolic diseases"
2702,E65,,"Remainder of endocrine, nutritional and metabolic diseases"
2703,E66,,"Remainder of endocrine, nutritional and metabolic diseases"
2704,E67,,"Remainder of endocrine, nutritional and metabolic diseases"
2705,E68,,"Remainder of endocrine, nutritional and metabolic diseases"
2706,E69,,"Remainder of endocrine, nutritional and metabolic diseases"
2707,E70,,"Remainder of endocrine, nutritional and metabolic diseases"
2708,E71,,"Remainder of endocrine, nutritional and metabolic diseases"
2709,E72,,"Remainder of endocrine, nutritional and metabolic diseases"
2710,E73,,"Remainder of endocrine, nutritional and metabolic diseases"
2711,E74,,"Remainder of endocrine, nutritional and metabolic diseases"
2712,E75,,"Remainder of endocrine, nutritional and metabolic diseases"
2713,E76,,"Remainder of endocrine, nutritional and metabolic diseases"
2714,E77,,"Remainder of endocrine, nutritional and metabolic diseases"
2715,E78,,"Remainder of endocrine, nutritional and metabolic diseases"
2716,E79,,"Remainder of endocrine, nutritional and metabolic diseases"
2717,E80,,"Remainder of endocrine, nutritional and metabolic diseases"
2718,E81,,"Remainder of endocrine, nutritional and metabolic diseases"
2719,E82,,"Remainder of endocrine, nutritional and metabolic diseases"
2720,E83,,"Remainder of endocrine, nutritional and metabolic diseases"
2721,E84,,"Remainder of endocrine, nutritional and metabolic diseases"
2722,E85,,"Remainder of endocrine, nutritional and metabolic diseases"
2723,E86,,"Remainder of endocrine, nutritional and metabolic diseases"
2724,E87,,"Remainder of endocrine, nutritional and metabolic diseases"
2725,E88,,"Remainder of endocrine, nutritional and metabolic diseases"
2726,F01,,Mental and behavioural disorders
2727,F02,,Mental and behavioural disorders
2728,F03,,Mental and behavioural disorders
2729,F04,,Mental and behavioural disorders
2730,F05,,Mental and behavioural disorders
2731,F06,,Mental and behavioural disorders
2732,F07,,Mental and behavioural disorders
2733,F08,,Mental and behavioural disorders
2734,F09,,Mental and behavioural disorders
2735,F10,,Mental and behavioural disorders due to psychoactive substance use
2736,F11,,Mental and behavioural disorders due to psychoactive substance use
2737,F12,,Mental and behavioural disorders due to psychoactive substance use
2738,F13,,Mental and behavioural disorders due to psychoactive substance use
2739,F14,,Mental and behavioural disorders due to psychoactive substance use
2740,F15,,Mental and behavioural disorders due to psychoactive substance use
2741,F16,,Mental and behavioural disorders due to psychoactive substance use
2742,F17,,Mental and behavioural disorders due to psychoactive substance use
2743,F18,,Mental and behavioural disorders due to psychoactive substance use
2744,F19,,Mental and behavioural disorders due to psychoactive substance use
2745,F20,,Remainder of mental and behavioural disorders
2746,F21,,Remainder of mental and behavioural disorders
2747,F22,,Remainder of mental and behavioural disorders
2748,F23,,Remainder of mental and behavioural disorders
2749,F24,,Remainder of mental and behavioural disorders
2750,F25,,Remainder of mental and behavioural disorders
2751,F26,,Remainder of mental and behavioural disorders
2752,F27,,Remainder of mental and behavioural disorders
2753,F28,,Remainder of mental and behavioural disorders
2754,F29,,Remainder of mental and behavioural disorders
2755,F30,,Remainder of mental and behavioural disorders
2756,F31,,Remainder of mental and behavioural disorders
2757,F32,,Remainder of mental and behavioural disorders
2758,F33,,Remainder of mental and behavioural disorders
2759,F34,,Remainder of mental and behavioural disorders
2760,F35,,Remainder of mental and behavioural disorders
2761,F36,,Remainder of mental and behavioural disorders
2762,F37,,Remainder of mental and behavioural disorders
2763,F38,,Remainder of mental and behavioural disorders
2764,F39,,Remainder of mental and behavioural disorders
2765,F40,,Remainder of mental and behavioural disorders
2766,F41,,Remainder of mental and behavioural disorders
2767,F42,,Remainder of mental and behavioural disorders
2768,F43,,Remainder of mental and behavioural disorders
2769,F44,,Remainder of mental and behavioural disorders
2770,F45,,Remainder of mental and behavioural disorders
2771,F46,,Remainder of mental and behavioural disorders
2772,F47,,Remainder of mental and behavioural disorders
2773,F48,,Remainder of mental and behavioural disorders
2774,F49,,Remainder of mental and behavioural disorders
2775,F50,,Remainder of mental and behavioural disorders
2776,F51,,Remainder of mental and behavioural disorders
2777,F52,,Remainder of mental and behavioural disorders
2778,F53,,Remainder of mental and behavioural disorders
2779,F54,,Remainder of mental and behavioural disorders
2780,F55,,Remainder of mental and behavioural disorders
2781,F56,,Remainder of mental and behavioural disorders
2782,F57,,Remainder of mental and behavioural disorders
2783,F58,,Remainder of mental and behavioural disorders
2784,F59,,Remainder of mental and behavioural disorders
2785,F60,,Remainder of mental and behavioural disorders
2786,F61,,Remainder of mental and behavioural disorders
2787,F62,,Remainder of mental and behavioural disorders
2788,F63,,Remainder of mental and behavioural disorders
2789,F64,,Remainder of mental and behavioural disorders
2790,F65,,Remainder of mental and behavioural disorders
2791,F66,,Remainder of mental and behavioural disorders
2792,F67,,Remainder of mental and behavioural disorders
2793,F68,,Remainder of mental and behavioural disorders
2794,F69,,Remainder of mental and behavioural disorders
2795,F70,,Remainder of mental and behavioural disorders
2796,F71,,Remainder of mental and behavioural disorders
2797,F72,,Remainder of mental and behavioural disorders
2798,F73,,Remainder of mental and behavioural disorders
2799,F74,,Remainder of mental and behavioural disorders
2800,F75,,Remainder of mental and behavioural disorders
2801,F76,,Remainder of mental and behavioural disorders
2802,F77,,Remainder of mental and behavioural disorders
2803,F78,,Remainder of mental and behavioural disorders
2804,F79,,Remainder of mental and behavioural disorders
2805,F80,,Remainder of mental and behavioural disorders
2806,F81,,Remainder of mental and behavioural disorders
2807,F82,,Remainder of mental and behavioural disorders
2808,F83,,Remainder of mental and behavioural disorders
2809,F84,,Remainder of mental and behavioural disorders
2810,F85,,Remainder of mental and behavioural disorders
2811,F86,,Remainder of mental and behavioural disorders
2812,F87,,Remainder of mental and behavioural disorders
2813,F88,,Remainder of mental and behavioural disorders
2814,F89,,Remainder of mental and behavioural disorders
2815,F90,,Remainder of mental and behavioural disorders
2816,F91,,Remainder of mental and behavioural disorders
2817,F92,,Remainder of mental and behavioural disorders
2818,F93,,Remainder of mental and behavioural disorders
2819,F94,,Remainder of mental and behavioural disorders
2820,F95,,Remainder of mental and behavioural disorders
2821,F96,,Remainder of mental and behavioural disorders
2822,F97,,Remainder of mental and behavioural disorders
2823,F98,,Remainder of mental and behavioural disorders
2824,F99,,Remainder of mental and behavioural disorders
2825,G00,,Meningitis
2826,G01,,Diseases of the nervous system
2827,G02,,Diseases of the nervous system
2828,G03,,Meningitis
2829,G04,,Remainder of diseases of the nervous system
2830,G05,,Remainder of diseases of the nervous system
2831,G06,,Remainder of diseases of the nervous system
2832,G07,,Remainder of diseases of the nervous system
2833,G08,,Remainder of diseases of the nervous system
2834,G09,,Remainder of diseases of the nervous system
2835,G10,,Remainder of diseases of the nervous system
2836,G11,,Remainder of diseases of the nervous system
2837,G12,,Remainder of diseases of the nervous system
2838,G13,,Remainder of diseases of the nervous system
2839,G14,,Remainder of diseases of the nervous system
2840,G15,,Remainder of diseases of the nervous system
2841,G16,,Remainder of diseases of the nervous system
2842,G17,,Remainder of diseases of the nervous system
2843,G18,,Remainder of diseases of the nervous system
2844,G19,,Remainder of diseases of the nervous system
2845,G20,,Remainder of diseases of the nervous system
2846,G21,,Remainder of diseases of the nervous system
2847,G22,,Remainder of diseases of the nervous system
2848,G23,,Remainder of diseases of the nervous system
2849,G24,,Remainder of diseases of the nervous system
2850,G25,,Remainder of diseases of the nervous system
2851,G26,,Diseases of the nervous system
2852,G27,,Diseases of the nervous system
2853,G28,,Diseases of the nervous system
2854,G29,,Diseases of the nervous system
2855,G30,,Alzheimer's disease
2856,G31,,Remainder of diseases of the nervous system
2857,G32,,Remainder of diseases of the nervous system
2858,G33,,Remainder of diseases of the nervous system
2859,G34,,Remainder of diseases of the nervous system
2860,G35,,Remainder of diseases of the nervous system
2861,G36,,Remainder of diseases of the nervous system
2862,G37,,Remainder of diseases of the nervous system
2863,G38,,Remainder of diseases of the nervous system
2864,G39,,Remainder of diseases of the nervous system
2865,G40,,Remainder of diseases of the nervous system
2866,G41,,Remainder of diseases of the nervous system
2867,G42,,Remainder of diseases of the nervous system
2868,G43,,Remainder of diseases of the nervous system
2869,G44,,Remainder of diseases of the nervous system
2870,G45,,Remainder of diseases of the nervous system
2871,G46,,Remainder of diseases of the nervous system
2872,G47,,Remainder of diseases of the nervous system
2873,G48,,Remainder of diseases of the nervous system
2874,G49,,Remainder of diseases of the nervous system
2875,G50,,Remainder of diseases of the nervous system
2876,G51,,Remainder of diseases of the nervous system
2877,G52,,Remainder of diseases of the nervous system
2878,G53,,Remainder of diseases of the nervous system
2879,G54,,Remainder of diseases of the nervous system
2880,G55,,Remainder of diseases of the nervous system
2881,G56,,Remainder of diseases of the nervous system
2882,G57,,Remainder of diseases of the nervous system
2883,G58,,Remainder of diseases of the nervous system
2884,G59,,Remainder of diseases of the nervous system
2885,G60,,Remainder of diseases of the nervous system
2886,G61,,Remainder of diseases of the nervous system
2887,G62,,Remainder of diseases of the nervous system
2888,G63,,Remainder of diseases of the nervous system
2889,G64,,Remainder of diseases of the nervous system
2890,G65,,Remainder of diseases of the nervous system
2891,G66,,Remainder of diseases of the nervous system
2892,G67,,Remainder of diseases of the nervous system
2893,G68,,Remainder of diseases of the nervous system
2894,G69,,Remainder of diseases of the nervous system
2895,G70,,Remainder of diseases of the nervous system
2896,G71,,Remainder of diseases of the nervous system
2897,G72,,Remainder of diseases of the nervous system
2898,G73,,Remainder of diseases of the nervous system
2899,G74,,Remainder of diseases of the nervous system
2900,G75,,Remainder of diseases of the nervous system
2901,G76,,Remainder of diseases of the nervous system
2902,G77,,Remainder of diseases of the nervous system
2903,G78,,Remainder of diseases of the nervous system
2904,G79,,Remainder of diseases of the nervous system
2905,G80,,Remainder of diseases of the nervous system
2906,G81,,Remainder of diseases of the nervous system
2907,G82,,Remainder of diseases of the nervous system
2908,G83,,Remainder of diseases of the nervous system
2909,G84,,Remainder of diseases of the nervous system
2910,G85,,Remainder of diseases of the nervous system
2911,G86,,Remainder of diseases of the nervous system
2912,G87,,Remainder of diseases of the nervous system
2913,G88,,Remainder of diseases of the nervous system
2914,G89,,Remainder of diseases of the nervous system
2915,G90,,Remainder of diseases of the nervous system
2916,G91,,Remainder of diseases of the nervous system
2917,G92,,Remainder of diseases of the nervous system
2918,G93,,Remainder of diseases of the nervous system
2919,G94,,Remainder of diseases of the nervous system
2920,G95,,Remainder of diseases of the nervous system
2921,G96,,Remainder of diseases of the nervous system
2922,G97,,Remainder of diseases of the nervous system
2923,G98,,Remainder of diseases of the nervous system
2924,H00,,Diseases of the eye and adnexa
2925,H01,,Diseases of the eye and adnexa
2926,H02,,Diseases of the eye and adnexa
2927,H03,,Diseases of the eye and adnexa
2928,H04,,Diseases of the eye and adnexa
2929,H05,,Diseases of the eye and adnexa
2930,H06,,Diseases of the eye and adnexa
2931,H07,,Diseases of the eye and adnexa
2932,H08,,Diseases of the eye and adnexa
2933,H09,,Diseases of the eye and adnexa
2934,H10,,Diseases of the eye and adnexa
2935,H11,,Diseases of the eye and adnexa
2936,H12,,Diseases of the eye and adnexa
2937,H13,,Diseases of the eye and adnexa
2938,H14,,Diseases of the eye and adnexa
2939,H15,,Diseases of the eye and adnexa
2940,H16,,Diseases of the eye and adnexa
2941,H17,,Diseases of the eye and adnexa
2942,H18,,Diseases of the eye and adnexa
2943,H19,,Diseases of the eye and adnexa
2944,H20,,Diseases of the eye and adnexa
2945,H21,,Diseases of the eye and adnexa
2946,H22,,Diseases of the eye and adnexa
2947,H23,,Diseases of the eye and adnexa
2948,H24,,Diseases of the eye and adnexa
2949,H25,,Diseases of the eye and adnexa
2950,H26,,Diseases of the eye and adnexa
2951,H27,,Diseases of the eye and adnexa
2952,H28,,Diseases of the eye and adnexa
2953,H29,,Diseases of the eye and adnexa
2954,H30,,Diseases of the eye and adnexa
2955,H31,,Diseases of the eye and adnexa
2956,H32,,Diseases of the eye and adnexa
2957,H33,,Diseases of the eye and adnexa
2958,H34,,Diseases of the eye and adnexa
2959,H35,,Diseases of the eye and adnexa
2960,H36,,Diseases of the eye and adnexa
2961,H37,,Diseases of the eye and adnexa
2962,H38,,Diseases of the eye and adnexa
2963,H39,,Diseases of the eye and adnexa
2964,H40,,Diseases of the eye and adnexa
2965,H41,,Diseases of the eye and adnexa
2966,H42,,Diseases of the eye and adnexa
2967,H43,,Diseases of the eye and adnexa
2968,H44,,Diseases of the eye and adnexa
2969,H45,,Diseases of the eye and adnexa
2970,H46,,Diseases of the eye and adnexa
2971,H47,,Diseases of the eye and adnexa
2972,H48,,Diseases of the eye and adnexa
2973,H49,,Diseases of the eye and adnexa
2974,H50,,Diseases of the eye and adnexa
2975,H51,,Diseases of the eye and adnexa
2976,H52,,Diseases of the eye and adnexa
2977,H53,,Diseases of the eye and adnexa
2978,H54,,Diseases of the eye and adnexa
2979,H55,,Diseases of the eye and adnexa
2980,H56,,Diseases of the eye and adnexa
2981,H57,,Diseases of the eye and adnexa
2982,H60,,Diseases of the ear and mastoid process
2983,H61,,Diseases of the ear and mastoid process
2984,H62,,Diseases of the ear and mastoid process
2985,H63,,Diseases of the ear and mastoid process
2986,H64,,Diseases of the ear and mastoid process
2987,H65,,Diseases of the ear and mastoid process
2988,H66,,Diseases of the ear and mastoid process
2989,H67,,Diseases of the ear and mastoid process
2990,H68,,Diseases of the ear and mastoid process
2991,H69,,Diseases of the ear and mastoid process
2992,H70,,Diseases of the ear and mastoid process
2993,H71,,Diseases of the ear and mastoid process
2994,H72,,Diseases of the ear and mastoid process
2995,H73,,Diseases of the ear and mastoid process
2996,H74,,Diseases of the ear and mastoid process
2997,H75,,Diseases of the ear and mastoid process
2998,H76,,Diseases of the ear and mastoid process
2999,H77,,Diseases of the ear and mastoid process
3000,H78,,Diseases of the ear and mastoid process
3001,H79,,Diseases of the ear and mastoid process
3002,H80,,Diseases of the ear and mastoid process
3003,H81,,Diseases of the ear and mastoid process
3004,H82,,Diseases of the ear and mastoid process
3005,H83,,Diseases of the ear and mastoid process
3006,H84,,Diseases of the ear and mastoid process
3007,H85,,Diseases of the ear and mastoid process
3008,H86,,Diseases of the ear and mastoid process
3009,H87,,Diseases of the ear and mastoid process
3010,H88,,Diseases of the ear and mastoid process
3011,H89,,Diseases of the ear and mastoid process
3012,H90,,Diseases of the ear and mastoid process
3013,H91,,Diseases of the ear and mastoid process
3014,H92,,Diseases of the ear and mastoid process
3015,H93,,Diseases of the ear and mastoid process
3016,I00,,Acute rheumatic fever and chronic rheumatic heart diseases
3017,I01,,Acute rheumatic fever and chronic rheumatic heart diseases
3018,I02,,Acute rheumatic fever and chronic rheumatic heart diseases
3019,I03,,Acute rheumatic fever and chronic rheumatic heart diseases
3020,I04,,Acute rheumatic fever and chronic rheumatic heart diseases
3021,I05,,Acute rheumatic fever and chronic rheumatic heart diseases
3022,I06,,Acute rheumatic fever and chronic rheumatic heart diseases
3023,I07,,Acute rheumatic fever and chronic rheumatic heart diseases
3024,I08,,Acute rheumatic fever and chronic rheumatic heart diseases
3025,I09,,Acute rheumatic fever and chronic rheumatic heart diseases
3026,I10,,Hypertensive diseases
3027,I11,,Hypertensive diseases
3028,I12,,Hypertensive diseases
3029,I13,,Hypertensive diseases
3030,I14,,Diseases of the circulatory system
3031,I15,,Diseases of the circulatory system
3032,I16,,Diseases of the circulatory system
3033,I17,,Diseases of the circulatory system
3034,I18,,Diseases of the circulatory system
3035,I19,,Diseases of the circulatory system
3036,I20,,Ischaemic heart diseases
3037,I21,,Ischaemic heart diseases
3038,I22,,Ischaemic heart diseases
3039,I23,,Ischaemic heart diseases
3040,I24,,Ischaemic heart diseases
3041,I25,,Ischaemic heart diseases
3042,I26,,Other heart diseases
3043,I27,,Other heart diseases
3044,I28,,Other heart diseases
3045,I29,,Other heart diseases
3046,I30,,Other heart diseases
3047,I31,,Other heart diseases
3048,I32,,Other heart diseases
3049,I33,,Other heart diseases
3050,I34,,Other heart diseases
3051,I35,,Other heart diseases
3052,I36,,Other heart diseases
3053,I37,,Other heart diseases
3054,I38,,Other heart diseases
3055,I39,,Other heart diseases
3056,I40,,Other heart diseases
3057,I41,,Other heart diseases
3058,I42,,Other heart diseases
3059,I43,,Other heart diseases
3060,I44,,Other heart diseases
3061,I45,,Other heart diseases
3062,I46,,Other heart diseases
3063,I47,,Other heart diseases
3064,I48,,Other heart diseases
3065,I49,,Other heart diseases
3066,I50,,Other heart diseases
3067,I51,,Other heart diseases
3068,I52,,Diseases of the circulatory system
3069,I53,,Diseases of the circulatory system
3070,I54,,Diseases of the circulatory system
3071,I55,,Diseases of the circulatory system
3072,I56,,Diseases of the circulatory system
3073,I57,,Diseases of the circulatory system
3074,I58,,Diseases of the circulatory system
3075,I59,,Diseases of the circulatory system
3076,I60,,Cerebrovascular diseases
3077,I61,,Cerebrovascular diseases
3078,I62,,Cerebrovascular diseases
3079,I63,,Cerebrovascular diseases
3080,I64,,Cerebrovascular diseases
3081,I65,,Cerebrovascular diseases
3082,I66,,Cerebrovascular diseases
3083,I67,,Cerebrovascular diseases
3084,I68,,Cerebrovascular diseases
3085,I69,,Cerebrovascular diseases
3086,I70,,Atherosclerosis
3087,I71,,Remainder of diseases of the circulatory system
3088,I72,,Remainder of diseases of the circulatory system
3089,I73,,Remainder of diseases of the circulatory system
3090,I74,,Remainder of diseases of the circulatory system
3091,I75,,Remainder of diseases of the circulatory system
3092,I76,,Remainder of diseases of the circulatory system
3093,I77,,Remainder of diseases of the circulatory system
3094,I78,,Remainder of diseases of the circulatory system
3095,I79,,Remainder of diseases of the circulatory system
3096,I80,,Remainder of diseases of the circulatory system
3097,I81,,Remainder of diseases of the circulatory system
3098,I82,,Remainder of diseases of the circulatory system
3099,I83,,Remainder of diseases of the circulatory system
3100,I84,,Remainder of diseases of the circulatory system
3101,I85,,Remainder of diseases of the circulatory system
3102,I86,,Remainder of diseases of the circulatory system
3103,I87,,Remainder of diseases of the circulatory system
3104,I88,,Remainder of diseases of the circulatory system
3105,I89,,Remainder of diseases of the circulatory system
3106,I90,,Remainder of diseases of the circulatory system
3107,I91,,Remainder of diseases of the circulatory system
3108,I92,,Remainder of diseases of the circulatory system
3109,I93,,Remainder of diseases of the circulatory system
3110,I94,,Remainder of diseases of the circulatory system
3111,I95,,Remainder of diseases of the circulatory system
3112,I96,,Remainder of diseases of the circulatory system
3113,I97,,Remainder of diseases of the circulatory system
3114,I98,,Remainder of diseases of the circulatory system
3115,I99,,Remainder of diseases of the circulatory system
3116,J00,,Remainder of diseases of the respiratory system
3117,J01,,Remainder of diseases of the respiratory system
3118,J02,,Remainder of diseases of the respiratory system
3119,J03,,Remainder of diseases of the respiratory system
3120,J04,,Remainder of diseases of the respiratory system
3121,J05,,Remainder of diseases of the respiratory system
3122,J06,,Remainder of diseases of the respiratory system
3123,J07,,Diseases of the respiratory system
3124,J08,,Diseases of the respiratory system
3125,J09,,Diseases of the respiratory system
3126,J10,,Influenza
3127,J11,,Influenza
3128,J12,,Pneumonia
3129,J13,,Pneumonia
3130,J14,,Pneumonia
3131,J15,,Pneumonia
3132,J16,,Pneumonia
3133,J17,,Pneumonia
3134,J18,,Pneumonia
3135,J19,,Diseases of the respiratory system
3136,J20,,Other acute lower respiratory infections
3137,J21,,Other acute lower respiratory infections
3138,J22,,Other acute lower respiratory infections
3139,J23,,Diseases of the respiratory system
3140,J24,,Diseases of the respiratory system
3141,J25,,Diseases of the respiratory system
3142,J26,,Diseases of the respiratory system
3143,J27,,Diseases of the respiratory system
3144,J28,,Diseases of the respiratory system
3145,J29,,Diseases of the respiratory system
3146,J30,,Remainder of diseases of the respiratory system
3147,J31,,Remainder of diseases of the respiratory system
3148,J32,,Remainder of diseases of the respiratory system
3149,J33,,Remainder of diseases of the respiratory system
3150,J34,,Remainder of diseases of the respiratory system
3151,J35,,Remainder of diseases of the respiratory system
3152,J36,,Remainder of diseases of the respiratory system
3153,J37,,Remainder of diseases of the respiratory system
3154,J38,,Remainder of diseases of the respiratory system
3155,J39,,Remainder of diseases of the respiratory system
3156,J40,,Chronic lower respiratory diseases
3157,J41,,Chronic lower respiratory diseases
3158,J42,,Chronic lower respiratory diseases
3159,J43,,Chronic lower respiratory diseases
3160,J44,,Chronic lower respiratory diseases
3161,J45,,Chronic lower respiratory diseases
3162,J46,,Chronic lower respiratory diseases
3163,J47,,Chronic lower respiratory diseases
3164,J48,,Diseases of the respiratory system
3165,J49,,Diseases of the respiratory system
3166,J50,,Diseases of the respiratory system
3167,J51,,Diseases of the respiratory system
3168,J52,,Diseases of the respiratory system
3169,J53,,Diseases of the respiratory system
3170,J54,,Diseases of the respiratory system
3171,J55,,Diseases of the respiratory system
3172,J56,,Diseases of the respiratory system
3173,J57,,Diseases of the respiratory system
3174,J58,,Diseases of the respiratory system
3175,J59,,Diseases of the respiratory system
3176,J60,,Remainder of diseases of the respiratory system
3177,J61,,Remainder of diseases of the respiratory system
3178,J62,,Remainder of diseases of the respiratory system
3179,J63,,Remainder of diseases of the respiratory system
3180,J64,,Remainder of diseases of the respiratory system
3181,J65,,Remainder of diseases of the respiratory system
3182,J66,,Remainder of diseases of the respiratory system
3183,J67,,Remainder of diseases of the respiratory system
3184,J68,,Remainder of diseases of the respiratory system
3185,J69,,Remainder of diseases of the respiratory system
3186,J70,,Remainder of diseases of the respiratory system
3187,J71,,Remainder of diseases of the respiratory system
3188,J72,,Remainder of diseases of the respiratory system
3189,J73,,Remainder of diseases of the respiratory system
3190,J74,,Remainder of diseases of the respiratory system
3191,J75,,Remainder of diseases of the respiratory system
3192,J76,,Remainder of diseases of the respiratory system
3193,J77,,Remainder of diseases of the respiratory system
3194,J78,,Remainder of diseases of the respiratory system
3195,J79,,Remainder of diseases of the respiratory system
3196,J80,,Remainder of diseases of the respiratory system
3197,J81,,Remainder of diseases of the respiratory system
3198,J82,,Remainder of diseases of the respiratory system
3199,J83,,Remainder of diseases of the respiratory system
3200,J84,,Remainder of diseases of the respiratory system
3201,J85,,Remainder of diseases of the respiratory system
3202,J86,,Remainder of diseases of the respiratory system
3203,J87,,Remainder of diseases of the respiratory system
3204,J88,,Remainder of diseases of the respiratory system
3205,J89,,Remainder of diseases of the respiratory system
3206,J90,,Remainder of diseases of the respiratory system
3207,J91,,Remainder of diseases of the respiratory system
3208,J92,,Remainder of diseases of the respiratory system
3209,J93,,Remainder of diseases of the respiratory system
3210,J94,,Remainder of diseases of the respiratory system
3211,J95,,Remainder of diseases of the respiratory system
3212,J96,,Remainder of diseases of the respiratory system
3213,J97,,Remainder of diseases of the respiratory system
3214,J98,,Remainder of diseases of the respiratory system
3215,K00,,Remainder of diseases of the digestive system
3216,K01,,Remainder of diseases of the digestive system
3217,K02,,Remainder of diseases of the digestive system
3218,K03,,Remainder of diseases of the digestive system
3219,K04,,Remainder of diseases of the digestive system
3220,K05,,Remainder of diseases of the digestive system
3221,K06,,Remainder of diseases of the digestive system
3222,K07,,Remainder of diseases of the digestive system
3223,K08,,Remainder of diseases of the digestive system
3224,K09,,Remainder of diseases of the digestive system
3225,K10,,Remainder of diseases of the digestive system
3226,K11,,Remainder of diseases of the digestive system
3227,K12,,Remainder of diseases of the digestive system
3228,K13,,Remainder of diseases of the digestive system
3229,K14,,Remainder of diseases of the digestive system
3230,K15,,Remainder of diseases of the digestive system
3231,K16,,Remainder of diseases of the digestive system
3232,K17,,Remainder of diseases of the digestive system
3233,K18,,Remainder of diseases of the digestive system
3234,K19,,Remainder of diseases of the digestive system
3235,K20,,Remainder of diseases of the digestive system
3236,K21,,Remainder of diseases of the digestive system
3237,K22,,Remainder of diseases of the digestive system
3238,K23,,Diseases of the digestive system
3239,K24,,Diseases of the digestive system
3240,K25,,Gastric and duodenal ulcer
3241,K26,,Gastric and duodenal ulcer
3242,K27,,Gastric and duodenal ulcer
3243,K28,,Remainder of diseases of the digestive system
3244,K29,,Remainder of diseases of the digestive system
3245,K30,,Remainder of diseases of the digestive system
3246,K31,,Remainder of diseases of the digestive system
3247,K32,,Remainder of diseases of the digestive system
3248,K33,,Remainder of diseases of the digestive system
3249,K34,,Remainder of diseases of the digestive system
3250,K35,,Remainder of diseases of the digestive system
3251,K36,,Remainder of diseases of the digestive system
3252,K37,,Remainder of diseases of the digestive system
3253,K38,,Remainder of diseases of the digestive system
3254,K39,,Remainder of diseases of the digestive system
3255,K40,,Remainder of diseases of the digestive system
3256,K41,,Remainder of diseases of the digestive system
3257,K42,,Remainder of diseases of the digestive system
3258,K43,,Remainder of diseases of the digestive system
3259,K44,,Remainder of diseases of the digestive system
3260,K45,,Remainder of diseases of the digestive system
3261,K46,,Remainder of diseases of the digestive system
3262,K47,,Remainder of diseases of the digestive system
3263,K48,,Remainder of diseases of the digestive system
3264,K49,,Remainder of diseases of the digestive system
3265,K50,,Remainder of diseases of the digestive system
3266,K51,,Remainder of diseases of the digestive system
3267,K52,,Remainder of diseases of the digestive system
3268,K53,,Remainder of diseases of the digestive system
3269,K54,,Remainder of diseases of the digestive system
3270,K55,,Remainder of diseases of the digestive system
3271,K56,,Remainder of diseases of the digestive system
3272,K57,,Remainder of diseases of the digestive system
3273,K58,,Remainder of diseases of the digestive system
3274,K59,,Remainder of diseases of the digestive system
3275,K60,,Remainder of diseases of the digestive system
3276,K61,,Remainder of diseases of the digestive system
3277,K62,,Remainder of diseases of the digestive system
3278,K63,,Remainder of diseases of the digestive system
3279,K64,,Remainder of diseases of the digestive system
3280,K65,,Remainder of diseases of the digestive system
3281,K66,,Remainder of diseases of the digestive system
3282,K67,,Diseases of the digestive system
3283,K68,,Diseases of the digestive system
3284,K69,,Diseases of the digestive system
3285,K70,,Diseases of the liver
3286,K71,,Diseases of the liver
3287,K72,,Diseases of the liver
3288,K73,,Diseases of the liver
3289,K74,,Diseases of the liver
3290,K75,,Diseases of the liver
3291,K76,,Diseases of the liver
3292,K77,,Diseases of the digestive system
3293,K78,,Diseases of the digestive system
3294,K79,,Diseases of the digestive system
3295,K80,,Remainder of diseases of the digestive system
3296,K81,,Remainder of diseases of the digestive system
3297,K82,,Remainder of diseases of the digestive system
3298,K83,,Remainder of diseases of the digestive system
3299,K84,,Remainder of diseases of the digestive system
3300,K85,,Remainder of diseases of the digestive system
3301,K86,,Remainder of diseases of the digestive system
3302,K87,,Remainder of diseases of the digestive system
3303,K88,,Remainder of diseases of the digestive system
3304,K89,,Remainder of diseases of the digestive system
3305,K90,,Remainder of diseases of the digestive system
3306,K91,,Remainder of diseases of the digestive system
3307,K92,,Remainder of diseases of the digestive system
3308,L00,,Diseases of the skin and subcutaneous tissue
3309,L01,,Diseases of the skin and subcutaneous tissue
3310,L02,,Diseases of the skin and subcutaneous tissue
3311,L03,,Diseases of the skin and subcutaneous tissue
3312,L04,,Diseases of the skin and subcutaneous tissue
3313,L05,,Diseases of the skin and subcutaneous tissue
3314,L06,,Diseases of the skin and subcutaneous tissue
3315,L07,,Diseases of the skin and subcutaneous tissue
3316,L08,,Diseases of the skin and subcutaneous tissue
3317,L09,,Diseases of the skin and subcutaneous tissue
3318,L10,,Diseases of the skin and subcutaneous tissue
3319,L11,,Diseases of the skin and subcutaneous tissue
3320,L12,,Diseases of the skin and subcutaneous tissue
3321,L13,,Diseases of the skin and subcutaneous tissue
3322,L14,,Diseases of the skin and subcutaneous tissue
3323,L15,,Diseases of the skin and subcutaneous tissue
3324,L16,,Diseases of the skin and subcutaneous tissue
3325,L17,,Diseases of the skin and subcutaneous tissue
3326,L18,,Diseases of the skin and subcutaneous tissue
3327,L19,,Diseases of the skin and subcutaneous tissue
3328,L20,,Diseases of the skin and subcutaneous tissue
3329,L21,,Diseases of the skin and subcutaneous tissue
3330,L22,,Diseases of the skin and subcutaneous tissue
3331,L23,,Diseases of the skin and subcutaneous tissue
3332,L24,,Diseases of the skin and subcutaneous tissue
3333,L25,,Diseases of the skin and subcutaneous tissue
3334,L26,,Diseases of the skin and subcutaneous tissue
3335,L27,,Diseases of the skin and subcutaneous tissue
3336,L28,,Diseases of the skin and subcutaneous tissue
3337,L29,,Diseases of the skin and subcutaneous tissue
3338,L30,,Diseases of the skin and subcutaneous tissue
3339,L31,,Diseases of the skin and subcutaneous tissue
3340,L32,,Diseases of the skin and subcutaneous tissue
3341,L33,,Diseases of the skin and subcutaneous tissue
3342,L34,,Diseases of the skin and subcutaneous tissue
3343,L35,,Diseases of the skin and subcutaneous tissue
3344,L36,,Diseases of the skin and subcutaneous tissue
3345,L37,,Diseases of the skin and subcutaneous tissue
3346,L38,,Diseases of the skin and subcutaneous tissue
3347,L39,,Diseases of the skin and subcutaneous tissue
3348,L40,,Diseases of the skin and subcutaneous tissue
3349,L41,,Diseases of the skin and subcutaneous tissue
3350,L42,,Diseases of the skin and subcutaneous tissue
3351,L43,,Diseases of the skin and subcutaneous tissue
3352,L44,,Diseases of the skin and subcutaneous tissue
3353,L45,,Diseases of the skin and subcutaneous tissue
3354,L46,,Diseases of the skin and subcutaneous tissue
3355,L47,,Diseases of the skin and subcutaneous tissue
3356,L48,,Diseases of the skin and subcutaneous tissue
3357,L49,,Diseases of the skin and subcutaneous tissue
3358,L50,,Diseases of the skin and subcutaneous tissue
3359,L51,,Diseases of the skin and subcutaneous tissue
3360,L52,,Diseases of the skin and subcutaneous tissue
3361,L53,,Diseases of the skin and subcutaneous tissue
3362,L54,,Diseases of the skin and subcutaneous tissue
3363,L55,,Diseases of the skin and subcutaneous tissue
3364,L56,,Diseases of the skin and subcutaneous tissue
3365,L57,,Diseases of the skin and subcutaneous tissue
3366,L58,,Diseases of the skin and subcutaneous tissue
3367,L59,,Diseases of the skin and subcutaneous tissue
3368,L60,,Diseases of the skin and subcutaneous tissue
3369,L61,,Diseases of the skin and subcutaneous tissue
3370,L62,,Diseases of the skin and subcutaneous tissue
3371,L63,,Diseases of the skin and subcutaneous tissue
3372,L64,,Diseases of the skin and subcutaneous tissue
3373,L65,,Diseases of the skin and subcutaneous tissue
3374,L66,,Diseases of the skin and subcutaneous tissue
3375,L67,,Diseases of the skin and subcutaneous tissue
3376,L68,,Diseases of the skin and subcutaneous tissue
3377,L69,,Diseases of the skin and subcutaneous tissue
3378,L70,,Diseases of the skin and subcutaneous tissue
3379,L71,,Diseases of the skin and subcutaneous tissue
3380,L72,,Diseases of the skin and subcutaneous tissue
3381,L73,,Diseases of the skin and subcutaneous tissue
3382,L74,,Diseases of the skin and subcutaneous tissue
3383,L75,,Diseases of the skin and subcutaneous tissue
3384,L76,,Diseases of the skin and subcutaneous tissue
3385,L77,,Diseases of the skin and subcutaneous tissue
3386,L78,,Diseases of the skin and subcutaneous tissue
3387,L79,,Diseases of the skin and subcutaneous tissue
3388,L80,,Diseases of the skin and subcutaneous tissue
3389,L81,,Diseases of the skin and subcutaneous tissue
3390,L82,,Diseases of the skin and subcutaneous tissue
3391,L83,,Diseases of the skin and subcutaneous tissue
3392,L84,,Diseases of the skin and subcutaneous tissue
3393,L85,,Diseases of the skin and subcutaneous tissue
3394,L86,,Diseases of the skin and subcutaneous tissue
3395,L87,,Diseases of the skin and subcutaneous tissue
3396,L88,,Diseases of the skin and subcutaneous tissue
3397,L89,,Diseases of the skin and subcutaneous tissue
3398,L90,,Diseases of the skin and subcutaneous tissue
3399,L91,,Diseases of the skin and subcutaneous tissue
3400,L92,,Diseases of the skin and subcutaneous tissue
3401,L93,,Diseases of the skin and subcutaneous tissue
3402,L94,,Diseases of the skin and subcutaneous tissue
3403,L95,,Diseases of the skin and subcutaneous tissue
3404,L96,,Diseases of the skin and subcutaneous tissue
3405,L97,,Diseases of the skin and subcutaneous tissue
3406,L98,,Diseases of the skin and subcutaneous tissue
3407,M00,,Diseases of the musculoskeletal system and connective tissue
3408,M01,,Diseases of the musculoskeletal system and connective tissue
3409,M02,,Diseases of the musculoskeletal system and connective tissue
3410,M03,,Diseases of the musculoskeletal system and connective tissue
3411,M04,,Diseases of the musculoskeletal system and connective tissue
3412,M05,,Diseases of the musculoskeletal system and connective tissue
3413,M06,,Diseases of the musculoskeletal system and connective tissue
3414,M07,,Diseases of the musculoskeletal system and connective tissue
3415,M08,,Diseases of the musculoskeletal system and connective tissue
3416,M09,,Diseases of the musculoskeletal system and connective tissue
3417,M10,,Diseases of the musculoskeletal system and connective tissue
3418,M11,,Diseases of the musculoskeletal system and connective tissue
3419,M12,,Diseases of the musculoskeletal system and connective tissue
3420,M13,,Diseases of the musculoskeletal system and connective tissue
3421,M14,,Diseases of the musculoskeletal system and connective tissue
3422,M15,,Diseases of the musculoskeletal system and connective tissue
3423,M16,,Diseases of the musculoskeletal system and connective tissue
3424,M17,,Diseases of the musculoskeletal system and connective tissue
3425,M18,,Diseases of the musculoskeletal system and connective tissue
3426,M19,,Diseases of the musculoskeletal system and connective tissue
3427,M20,,Diseases of the musculoskeletal system and connective tissue
3428,M21,,Diseases of the musculoskeletal system and connective tissue
3429,M22,,Diseases of the musculoskeletal system and connective tissue
3430,M23,,Diseases of the musculoskeletal system and connective tissue
3431,M24,,Diseases of the musculoskeletal system and connective tissue
3432,M25,,Diseases of the musculoskeletal system and connective tissue
3433,M26,,Diseases of the musculoskeletal system and connective tissue
3434,M27,,Diseases of the musculoskeletal system and connective tissue
3435,M28,,Diseases of the musculoskeletal system and connective tissue
3436,M29,,Diseases of the musculoskeletal system and connective tissue
3437,M30,,Diseases of the musculoskeletal system and connective tissue
3438,M31,,Diseases of the musculoskeletal system and connective tissue
3439,M32,,Diseases of the musculoskeletal system and connective tissue
3440,M33,,Diseases of the musculoskeletal system and connective tissue
3441,M34,,Diseases of the musculoskeletal system and connective tissue
3442,M35,,Diseases of the musculoskeletal system and connective tissue
3443,M36,,Diseases of the musculoskeletal system and connective tissue
3444,M37,,Diseases of the musculoskeletal system and connective tissue
3445,M38,,Diseases of the musculoskeletal system and connective tissue
3446,M39,,Diseases of the musculoskeletal system and connective tissue
3447,M40,,Diseases of the musculoskeletal system and connective tissue
3448,M41,,Diseases of the musculoskeletal system and connective tissue
3449,M42,,Diseases of the musculoskeletal system and connective tissue
3450,M43,,Diseases of the musculoskeletal system and connective tissue
3451,M44,,Diseases of the musculoskeletal system and connective tissue
3452,M45,,Diseases of the musculoskeletal system and connective tissue
3453,M46,,Diseases of the musculoskeletal system and connective tissue
3454,M47,,Diseases of the musculoskeletal system and connective tissue
3455,M48,,Diseases of the musculoskeletal system and connective tissue
3456,M49,,Diseases of the musculoskeletal system and connective tissue
3457,M50,,Diseases of the musculoskeletal system and connective tissue
3458,M51,,Diseases of the musculoskeletal system and connective tissue
3459,M52,,Diseases of the musculoskeletal system and connective tissue
3460,M53,,Diseases of the musculoskeletal system and connective tissue
3461,M54,,Diseases of the musculoskeletal system and connective tissue
3462,M55,,Diseases of the musculoskeletal system and connective tissue
3463,M56,,Diseases of the musculoskeletal system and connective tissue
3464,M57,,Diseases of the musculoskeletal system and connective tissue
3465,M58,,Diseases of the musculoskeletal system and connective tissue
3466,M59,,Diseases of the musculoskeletal system and connective tissue
3467,M60,,Diseases of the musculoskeletal system and connective tissue
3468,M61,,Diseases of the musculoskeletal system and connective tissue
3469,M62,,Diseases of the musculoskeletal system and connective tissue
3470,M63,,Diseases of the musculoskeletal system and connective tissue
3471,M64,,Diseases of the musculoskeletal system and connective tissue
3472,M65,,Diseases of the musculoskeletal system and connective tissue
3473,M66,,Diseases of the musculoskeletal system and connective tissue
3474,M67,,Diseases of the musculoskeletal system and connective tissue
3475,M68,,Diseases of the musculoskeletal system and connective tissue
3476,M69,,Diseases of the musculoskeletal system and connective tissue
3477,M70,,Diseases of the musculoskeletal system and connective tissue
3478,M71,,Diseases of the musculoskeletal system and connective tissue
3479,M72,,Diseases of the musculoskeletal system and connective tissue
3480,M73,,Diseases of the musculoskeletal system and connective tissue
3481,M74,,Diseases of the musculoskeletal system and connective tissue
3482,M75,,Diseases of the musculoskeletal system and connective tissue
3483,M76,,Diseases of the musculoskeletal system and connective tissue
3484,M77,,Diseases of the musculoskeletal system and connective tissue
3485,M78,,Diseases of the musculoskeletal system and connective tissue
3486,M79,,Diseases of the musculoskeletal system and connective tissue
3487,M80,,Diseases of the musculoskeletal system and connective tissue
3488,M81,,Diseases of the musculoskeletal system and connective tissue
3489,M82,,Diseases of the musculoskeletal system and connective tissue
3490,M83,,Diseases of the musculoskeletal system and connective tissue
3491,M84,,Diseases of the musculoskeletal system and connective tissue
3492,M85,,Diseases of the musculoskeletal system and connective tissue
3493,M86,,Diseases of the musculoskeletal system and connective tissue
3494,M87,,Diseases of the musculoskeletal system and connective tissue
3495,M88,,Diseases of the musculoskeletal system and connective tissue
3496,M89,,Diseases of the musculoskeletal system and connective tissue
3497,M90,,Diseases of the musculoskeletal system and connective tissue
3498,M91,,Diseases of the musculoskeletal system and connective tissue
3499,M92,,Diseases of the musculoskeletal system and connective tissue
3500,M93,,Diseases of the musculoskeletal system and connective tissue
3501,M94,,Diseases of the musculoskeletal system and connective tissue
3502,M95,,Diseases of the musculoskeletal system and connective tissue
3503,M96,,Diseases of the musculoskeletal system and connective tissue
3504,M97,,Diseases of the musculoskeletal system and connective tissue
3505,M98,,Diseases of the musculoskeletal system and connective tissue
3506,M99,,Diseases of the musculoskeletal system and connective tissue
3507,N00,,Glomerular and renal tubulo-interstitial diseases
3508,N01,,Glomerular and renal tubulo-interstitial diseases
3509,N02,,Glomerular and renal tubulo-interstitial diseases
3510,N03,,Glomerular and renal tubulo-interstitial diseases
3511,N04,,Glomerular and renal tubulo-interstitial diseases
3512,N05,,Glomerular and renal tubulo-interstitial diseases
3513,N06,,Glomerular and renal tubulo-interstitial diseases
3514,N07,,Glomerular and renal tubulo-interstitial diseases
3515,N08,,Glomerular and renal tubulo-interstitial diseases
3516,N09,,Glomerular and renal tubulo-interstitial diseases
3517,N10,,Glomerular and renal tubulo-interstitial diseases
3518,N11,,Glomerular and renal tubulo-interstitial diseases
3519,N12,,Glomerular and renal tubulo-interstitial diseases
3520,N13,,Glomerular and renal tubulo-interstitial diseases
3521,N14,,Glomerular and renal tubulo-interstitial diseases
3522,N15,,Glomerular and renal tubulo-interstitial diseases
3523,N16,,Diseases of the genitourinary system
3524,N17,,Remainder of diseases of the genitourinary system
3525,N18,,Remainder of diseases of the genitourinary system
3526,N19,,Remainder of diseases of the genitourinary system
3527,N20,,Remainder of diseases of the genitourinary system
3528,N21,,Remainder of diseases of the genitourinary system
3529,N22,,Remainder of diseases of the genitourinary system
3530,N23,,Remainder of diseases of the genitourinary system
3531,N24,,Remainder of diseases of the genitourinary system
3532,N25,,Remainder of diseases of the genitourinary system
3533,N26,,Remainder of diseases of the genitourinary system
3534,N27,,Remainder of diseases of the genitourinary system
3535,N28,,Remainder of diseases of the genitourinary system
3536,N29,,Remainder of diseases of the genitourinary system
3537,N30,,Remainder of diseases of the genitourinary system
3538,N31,,Remainder of diseases of the genitourinary system
3539,N32,,Remainder of diseases of the genitourinary system
3540,N33,,Remainder of diseases of the genitourinary system
3541,N34,,Remainder of diseases of the genitourinary system
3542,N35,,Remainder of diseases of the genitourinary system
3543,N36,,Remainder of diseases of the genitourinary system
3544,N37,,Remainder of diseases of the genitourinary system
3545,N38,,Remainder of diseases of the genitourinary system
3546,N39,,Remainder of diseases of the genitourinary system
3547,N40,,Remainder of diseases of the genitourinary system
3548,N41,,Remainder of diseases of the genitourinary system
3549,N42,,Remainder of diseases of the genitourinary system
3550,N43,,Remainder of diseases of the genitourinary system
3551,N44,,Remainder of diseases of the genitourinary system
3552,N45,,Remainder of diseases of the genitourinary system
3553,N46,,Remainder of diseases of the genitourinary system
3554,N47,,Remainder of diseases of the genitourinary system
3555,N48,,Remainder of diseases of the genitourinary system
3556,N49,,Remainder of diseases of the genitourinary system
3557,N50,,Remainder of diseases of the genitourinary system
3558,N51,,Remainder of diseases of the genitourinary system
3559,N52,,Remainder of diseases of the genitourinary system
3560,N53,,Remainder of diseases of the genitourinary system
3561,N54,,Remainder of diseases of the genitourinary system
3562,N55,,Remainder of diseases of the genitourinary system
3563,N56,,Remainder of diseases of the genitourinary system
3564,N57,,Remainder of diseases of the genitourinary system
3565,N58,,Remainder of diseases of the genitourinary system
3566,N59,,Remainder of diseases of the genitourinary system
3567,N60,,Remainder of diseases of the genitourinary system
3568,N61,,Remainder of diseases of the genitourinary system
3569,N62,,Remainder of diseases of the genitourinary system
3570,N63,,Remainder of diseases of the genitourinary system
3571,N64,,Remainder of diseases of the genitourinary system
3572,N65,,Remainder of diseases of the genitourinary system
3573,N66,,Remainder of diseases of the genitourinary system
3574,N67,,Remainder of diseases of the genitourinary system
3575,N68,,Remainder of diseases of the genitourinary system
3576,N69,,Remainder of diseases of the genitourinary system
3577,N70,,Remainder of diseases of the genitourinary system
3578,N71,,Remainder of diseases of the genitourinary system
3579,N72,,Remainder of diseases of the genitourinary system
3580,N73,,Remainder of diseases of the genitourinary system
3581,N74,,Remainder of diseases of the genitourinary system
3582,N75,,Remainder of diseases of the genitourinary system
3583,N76,,Remainder of diseases of the genitourinary system
3584,N77,,Remainder of diseases of the genitourinary system
3585,N78,,Remainder of diseases of the genitourinary system
3586,N79,,Remainder of diseases of the genitourinary system
3587,N80,,Remainder of diseases of the genitourinary system
3588,N81,,Remainder of diseases of the genitourinary system
3589,N82,,Remainder of diseases of the genitourinary system
3590,N83,,Remainder of diseases of the genitourinary system
3591,N84,,Remainder of diseases of the genitourinary system
3592,N85,,Remainder of diseases of the genitourinary system
3593,N86,,Remainder of diseases of the genitourinary system
3594,N87,,Remainder of diseases of the genitourinary system
3595,N88,,Remainder of diseases of the genitourinary system
3596,N89,,Remainder of diseases of the genitourinary system
3597,N90,,Remainder of diseases of the genitourinary system
3598,N91,,Remainder of diseases of the genitourinary system
3599,N92,,Remainder of diseases of the genitourinary system
3600,N93,,Remainder of diseases of the genitourinary system
3601,N94,,Remainder of diseases of the genitourinary system
3602,N95,,Remainder of diseases of the genitourinary system
3603,N96,,Remainder of diseases of the genitourinary system
3604,N97,,Remainder of diseases of the genitourinary system
3605,N98,,Remainder of diseases of the genitourinary system
3606,O00,,Pregnancy with abortive outcome
3607,O01,,Pregnancy with abortive outcome
3608,O02,,Pregnancy with abortive outcome
3609,O03,,Pregnancy with abortive outcome
3610,O04,,Pregnancy with abortive outcome
3611,O05,,Pregnancy with abortive outcome
3612,O06,,Pregnancy with abortive outcome
3613,O07,,Pregnancy with abortive outcome
3614,O08,,"Pregnancy, childbirth and the puerperium"
3615,O09,,"Pregnancy, childbirth and the puerperium"
3616,O10,,Other direct obstetric deaths
3617,O11,,Other direct obstetric deaths
3618,O12,,Other direct obstetric deaths
3619,O13,,Other direct obstetric deaths
3620,O14,,Other direct obstetric deaths
3621,O15,,Other direct obstetric deaths
3622,O16,,Other direct obstetric deaths
3623,O17,,Other direct obstetric deaths
3624,O18,,Other direct obstetric deaths
3625,O19,,Other direct obstetric deaths
3626,O20,,Other direct obstetric deaths
3627,O21,,Other direct obstetric deaths
3628,O22,,Other direct obstetric deaths
3629,O23,,Other direct obstetric deaths
3630,O24,,Other direct obstetric deaths
3631,O25,,Other direct obstetric deaths
3632,O26,,Other direct obstetric deaths
3633,O27,,Other direct obstetric deaths
3634,O28,,Other direct obstetric deaths
3635,O29,,Other direct obstetric deaths
3636,O30,,Other direct obstetric deaths
3637,O31,,Other direct obstetric deaths
3638,O32,,Other direct obstetric deaths
3639,O33,,Other direct obstetric deaths
3640,O34,,Other direct obstetric deaths
3641,O35,,Other direct obstetric deaths
3642,O36,,Other direct obstetric deaths
3643,O37,,Other direct obstetric deaths
3644,O38,,Other direct obstetric deaths
3645,O39,,Other direct obstetric deaths
3646,O40,,Other direct obstetric deaths
3647,O41,,Other direct obstetric deaths
3648,O42,,Other direct obstetric deaths
3649,O43,,Other direct obstetric deaths
3650,O44,,Other direct obstetric deaths
3651,O45,,Other direct obstetric deaths
3652,O46,,Other direct obstetric deaths
3653,O47,,Other direct obstetric deaths
3654,O48,,Other direct obstetric deaths
3655,O49,,Other direct obstetric deaths
3656,O50,,Other direct obstetric deaths
3657,O51,,Other direct obstetric deaths
3658,O52,,Other direct obstetric deaths
3659,O53,,Other direct obstetric deaths
3660,O54,,Other direct obstetric deaths
3661,O55,,Other direct obstetric deaths
3662,O56,,Other direct obstetric deaths
3663,O57,,Other direct obstetric deaths
3664,O58,,Other direct obstetric deaths
3665,O59,,Other direct obstetric deaths
3666,O60,,Other direct obstetric deaths
3667,O61,,Other direct obstetric deaths
3668,O62,,Other direct obstetric deaths
3669,O63,,Other direct obstetric deaths
3670,O64,,Other direct obstetric deaths
3671,O65,,Other direct obstetric deaths
3672,O66,,Other direct obstetric deaths
3673,O67,,Other direct obstetric deaths
3674,O68,,Other direct obstetric deaths
3675,O69,,Other direct obstetric deaths
3676,O70,,Other direct obstetric deaths
3677,O71,,Other direct obstetric deaths
3678,O72,,Other direct obstetric deaths
3679,O73,,Other direct obstetric deaths
3680,O74,,Other direct obstetric deaths
3681,O75,,Other direct obstetric deaths
3682,O76,,Other direct obstetric deaths
3683,O77,,Other direct obstetric deaths
3684,O78,,Other direct obstetric deaths
3685,O79,,Other direct obstetric deaths
3686,O80,,Other direct obstetric deaths
3687,O81,,Other direct obstetric deaths
3688,O82,,Other direct obstetric deaths
3689,O83,,Other direct obstetric deaths
3690,O84,,Other direct obstetric deaths
3691,O85,,Other direct obstetric deaths
3692,O86,,Other direct obstetric deaths
3693,O87,,Other direct obstetric deaths
3694,O88,,Other direct obstetric deaths
3695,O89,,Other direct obstetric deaths
3696,O90,,Other direct obstetric deaths
3697,O91,,Other direct obstetric deaths
3698,O92,,Other direct obstetric deaths
3699,O93,,"Pregnancy, childbirth and the puerperium"
3700,O94,,"Pregnancy, childbirth and the puerperium"
3701,O95,,"Remainder of pregnancy, childbirth and the puerperium"
3702,O96,,"Remainder of pregnancy, childbirth and the puerperium"
3703,O97,,"Remainder of pregnancy, childbirth and the puerperium"
3704,O98,,Indirect obstetric deaths
3705,O99,,Indirect obstetric deaths
3706,P00,,Certain conditions originating in the perinatal period
3707,P01,,Certain conditions originating in the perinatal period
3708,P02,,Certain conditions originating in the perinatal period
3709,P03,,Certain conditions originating in the perinatal period
3710,P04,,Certain conditions originating in the perinatal period
3711,P05,,Certain conditions originating in the perinatal period
3712,P06,,Certain conditions originating in the perinatal period
3713,P07,,Certain conditions originating in the perinatal period
3714,P08,,Certain conditions originating in the perinatal period
3715,P09,,Certain conditions originating in the perinatal period
3716,P10,,Certain conditions originating in the perinatal period
3717,P11,,Certain conditions originating in the perinatal period
3718,P12,,Certain conditions originating in the perinatal period
3719,P13,,Certain conditions originating in the perinatal period
3720,P14,,Certain conditions originating in the perinatal period
3721,P15,,Certain conditions originating in the perinatal period
3722,P16,,Certain conditions originating in the perinatal period
3723,P17,,Certain conditions originating in the perinatal period
3724,P18,,Certain conditions originating in the perinatal period
3725,P19,,Certain conditions originating in the perinatal period
3726,P20,,Certain conditions originating in the perinatal period
3727,P21,,Certain conditions originating in the perinatal period
3728,P22,,Certain conditions originating in the perinatal period
3729,P23,,Certain conditions originating in the perinatal period
3730,P24,,Certain conditions originating in the perinatal period
3731,P25,,Certain conditions originating in the perinatal period
3732,P26,,Certain conditions originating in the perinatal period
3733,P27,,Certain conditions originating in the perinatal period
3734,P28,,Certain conditions originating in the perinatal period
3735,P29,,Certain conditions originating in the perinatal period
3736,P30,,Certain conditions originating in the perinatal period
3737,P31,,Certain conditions originating in the perinatal period
3738,P32,,Certain conditions originating in the perinatal period
3739,P33,,Certain conditions originating in the perinatal period
3740,P34,,Certain conditions originating in the perinatal period
3741,P35,,Certain conditions originating in the perinatal period
3742,P36,,Certain conditions originating in the perinatal period
3743,P37,,Certain conditions originating in the perinatal period
3744,P38,,Certain conditions originating in the perinatal period
3745,P39,,Certain conditions originating in the perinatal period
3746,P40,,Certain conditions originating in the perinatal period
3747,P41,,Certain conditions originating in the perinatal period
3748,P42,,Certain conditions originating in the perinatal period
3749,P43,,Certain conditions originating in the perinatal period
3750,P44,,Certain conditions originating in the perinatal period
3751,P45,,Certain conditions originating in the perinatal period
3752,P46,,Certain conditions originating in the perinatal period
3753,P47,,Certain conditions originating in the perinatal period
3754,P48,,Certain conditions originating in the perinatal period
3755,P49,,Certain conditions originating in the perinatal period
3756,P50,,Certain conditions originating in the perinatal period
3757,P51,,Certain conditions originating in the perinatal period
3758,P52,,Certain conditions originating in the perinatal period
3759,P53,,Certain conditions originating in the perinatal period
3760,P54,,Certain conditions originating in the perinatal period
3761,P55,,Certain conditions originating in the perinatal period
3762,P56,,Certain conditions originating in the perinatal period
3763,P57,,Certain conditions originating in the perinatal period
3764,P58,,Certain conditions originating in the perinatal period
3765,P59,,Certain conditions originating in the perinatal period
3766,P60,,Certain conditions originating in the perinatal period
3767,P61,,Certain conditions originating in the perinatal period
3768,P62,,Certain conditions originating in the perinatal period
3769,P63,,Certain conditions originating in the perinatal period
3770,P64,,Certain conditions originating in the perinatal period
3771,P65,,Certain conditions originating in the perinatal period
3772,P66,,Certain conditions originating in the perinatal period
3773,P67,,Certain conditions originating in the perinatal period
3774,P68,,Certain conditions originating in the perinatal period
3775,P69,,Certain conditions originating in the perinatal period
3776,P70,,Certain conditions originating in the perinatal period
3777,P71,,Certain conditions originating in the perinatal period
3778,P72,,Certain conditions originating in the perinatal period
3779,P73,,Certain conditions originating in the perinatal period
3780,P74,,Certain conditions originating in the perinatal period
3781,P75,,Certain conditions originating in the perinatal period
3782,P76,,Certain conditions originating in the perinatal period
3783,P77,,Certain conditions originating in the perinatal period
3784,P78,,Certain conditions originating in the perinatal period
3785,P79,,Certain conditions originating in the perinatal period
3786,P80,,Certain conditions originating in the perinatal period
3787,P81,,Certain conditions originating in the perinatal period
3788,P82,,Certain conditions originating in the perinatal period
3789,P83,,Certain conditions originating in the perinatal period
3790,P84,,Certain conditions originating in the perinatal period
3791,P85,,Certain conditions originating in the perinatal period
3792,P86,,Certain conditions originating in the perinatal period
3793,P87,,Certain conditions originating in the perinatal period
3794,P88,,Certain conditions originating in the perinatal period
3795,P89,,Certain conditions originating in the perinatal period
3796,P90,,Certain conditions originating in the perinatal period
3797,P91,,Certain conditions originating in the perinatal period
3798,P92,,Certain conditions originating in the perinatal period
3799,P93,,Certain conditions originating in the perinatal period
3800,P94,,Certain conditions originating in the perinatal period
3801,P95,,Certain conditions originating in the perinatal period
3802,P96,,Certain conditions originating in the perinatal period
3803,Q00,,"Congenital malformations, deformations and chromosomal abnormalities"
3804,Q01,,"Congenital malformations, deformations and chromosomal abnormalities"
3805,Q02,,"Congenital malformations, deformations and chromosomal abnormalities"
3806,Q03,,"Congenital malformations, deformations and chromosomal abnormalities"
3807,Q04,,"Congenital malformations, deformations and chromosomal abnormalities"
3808,Q05,,"Congenital malformations, deformations and chromosomal abnormalities"
3809,Q06,,"Congenital malformations, deformations and chromosomal abnormalities"
3810,Q07,,"Congenital malformations, deformations and chromosomal abnormalities"
3811,Q08,,"Congenital malformations, deformations and chromosomal abnormalities"
3812,Q09,,"Congenital malformations, deformations and chromosomal abnormalities"
3813,Q10,,"Congenital malformations, deformations and chromosomal abnormalities"
3814,Q11,,"Congenital malformations, deformations and chromosomal abnormalities"
3815,Q12,,"Congenital malformations, deformations and chromosomal abnormalities"
3816,Q13,,"Congenital malformations, deformations and chromosomal abnormalities"
3817,Q14,,"Congenital malformations, deformations and chromosomal abnormalities"
3818,Q15,,"Congenital malformations, deformations and chromosomal abnormalities"
3819,Q16,,"Congenital malformations, deformations and chromosomal abnormalities"
3820,Q17,,"Congenital malformations, deformations and chromosomal abnormalities"
3821,Q18,,"Congenital malformations, deformations and chromosomal abnormalities"
3822,Q19,,"Congenital malformations, deformations and chromosomal abnormalities"
3823,Q20,,"Congenital malformations, deformations and chromosomal abnormalities"
3824,Q21,,"Congenital malformations, deformations and chromosomal abnormalities"
3825,Q22,,"Congenital malformations, deformations and chromosomal abnormalities"
3826,Q23,,"Congenital malformations, deformations and chromosomal abnormalities"
3827,Q24,,"Congenital malformations, deformations and chromosomal abnormalities"
3828,Q25,,"Congenital malformations, deformations and chromosomal abnormalities"
3829,Q26,,"Congenital malformations, deformations and chromosomal abnormalities"
3830,Q27,,"Congenital malformations, deformations and chromosomal abnormalities"
3831,Q28,,"Congenital malformations, deformations and chromosomal abnormalities"
3832,Q29,,"Congenital malformations, deformations and chromosomal abnormalities"
3833,Q30,,"Congenital malformations, deformations and chromosomal abnormalities"
3834,Q31,,"Congenital malformations, deformations and chromosomal abnormalities"
3835,Q32,,"Congenital malformations, deformations and chromosomal abnormalities"
3836,Q33,,"Congenital malformations, deformations and chromosomal abnormalities"
3837,Q34,,"Congenital malformations, deformations and chromosomal abnormalities"
3838,Q35,,"Congenital malformations, deformations and chromosomal abnormalities"
3839,Q36,,"Congenital malformations, deformations and chromosomal abnormalities"
3840,Q37,,"Congenital malformations, deformations and chromosomal abnormalities"
3841,Q38,,"Congenital malformations, deformations and chromosomal abnormalities"
3842,Q39,,"Congenital malformations, deformations and chromosomal abnormalities"
3843,Q40,,"Congenital malformations, deformations and chromosomal abnormalities"
3844,Q41,,"Congenital malformations, deformations and chromosomal abnormalities"
3845,Q42,,"Congenital malformations, deformations and chromosomal abnormalities"
3846,Q43,,"Congenital malformations, deformations and chromosomal abnormalities"
3847,Q44,,"Congenital malformations, deformations and chromosomal abnormalities"
3848,Q45,,"Congenital malformations, deformations and chromosomal abnormalities"
3849,Q46,,"Congenital malformations, deformations and chromosomal abnormalities"
3850,Q47,,"Congenital malformations, deformations and chromosomal abnormalities"
3851,Q48,,"Congenital malformations, deformations and chromosomal abnormalities"
3852,Q49,,"Congenital malformations, deformations and chromosomal abnormalities"
3853,Q50,,"Congenital malformations, deformations and chromosomal abnormalities"
3854,Q51,,"Congenital malformations, deformations and chromosomal abnormalities"
3855,Q52,,"Congenital malformations, deformations and chromosomal abnormalities"
3856,Q53,,"Congenital malformations, deformations and chromosomal abnormalities"
3857,Q54,,"Congenital malformations, deformations and chromosomal abnormalities"
3858,Q55,,"Congenital malformations, deformations and chromosomal abnormalities"
3859,Q56,,"Congenital malformations, deformations and chromosomal abnormalities"
3860,Q57,,"Congenital malformations, deformations and chromosomal abnormalities"
3861,Q58,,"Congenital malformations, deformations and chromosomal abnormalities"
3862,Q59,,"Congenital malformations, deformations and chromosomal abnormalities"
3863,Q60,,"Congenital malformations, deformations and chromosomal abnormalities"
3864,Q61,,"Congenital malformations, deformations and chromosomal abnormalities"
3865,Q62,,"Congenital malformations, deformations and chromosomal abnormalities"
3866,Q63,,"Congenital malformations, deformations and chromosomal abnormalities"
3867,Q64,,"Congenital malformations, deformations and chromosomal abnormalities"
3868,Q65,,"Congenital malformations, deformations and chromosomal abnormalities"
3869,Q66,,"Congenital malformations, deformations and chromosomal abnormalities"
3870,Q67,,"Congenital malformations, deformations and chromosomal abnormalities"
3871,Q68,,"Congenital malformations, deformations and chromosomal abnormalities"
3872,Q69,,"Congenital malformations, deformations and chromosomal abnormalities"
3873,Q70,,"Congenital malformations, deformations and chromosomal abnormalities"
3874,Q71,,"Congenital malformations, deformations and chromosomal abnormalities"
3875,Q72,,"Congenital malformations, deformations and chromosomal abnormalities"
3876,Q73,,"Congenital malformations, deformations and chromosomal abnormalities"
3877,Q74,,"Congenital malformations, deformations and chromosomal abnormalities"
3878,Q75,,"Congenital malformations, deformations and chromosomal abnormalities"
3879,Q76,,"Congenital malformations, deformations and chromosomal abnormalities"
3880,Q77,,"Congenital malformations, deformations and chromosomal abnormalities"
3881,Q78,,"Congenital malformations, deformations and chromosomal abnormalities"
3882,Q79,,"Congenital malformations, deformations and chromosomal abnormalities"
3883,Q80,,"Congenital malformations, deformations and chromosomal abnormalities"
3884,Q81,,"Congenital malformations, deformations and chromosomal abnormalities"
3885,Q82,,"Congenital malformations, deformations and chromosomal abnormalities"
3886,Q83,,"Congenital malformations, deformations and chromosomal abnormalities"
3887,Q84,,"Congenital malformations, deformations and chromosomal abnormalities"
3888,Q85,,"Congenital malformations, deformations and chromosomal abnormalities"
3889,Q86,,"Congenital malformations, deformations and chromosomal abnormalities"
3890,Q87,,"Congenital malformations, deformations and chromosomal abnormalities"
3891,Q88,,"Congenital malformations, deformations and chromosomal abnormalities"
3892,Q89,,"Congenital malformations, deformations and chromosomal abnormalities"
3893,Q90,,"Congenital malformations, deformations and chromosomal abnormalities"
3894,Q91,,"Congenital malformations, deformations and chromosomal abnormalities"
3895,Q92,,"Congenital malformations, deformations and chromosomal abnormalities"
3896,Q93,,"Congenital malformations, deformations and chromosomal abnormalities"
3897,Q94,,"Congenital malformations, deformations and chromosomal abnormalities"
3898,Q95,,"Congenital malformations, deformations and chromosomal abnormalities"
3899,Q96,,"Congenital malformations, deformations and chromosomal abnormalities"
3900,Q97,,"Congenital malformations, deformations and chromosomal abnormalities"
3901,Q98,,"Congenital malformations, deformations and chromosomal abnormalities"
3902,Q99,,"Congenital malformations, deformations and chromosomal abnormalities"
3903,R00,,"Symptoms, signs and abnormal clinical and laboratory findings, not elsewhere classified"
3904,R01,,"Symptoms, signs and abnormal clinical and laboratory findings, not elsewhere classified"
3905,R02,,"Symptoms, signs and abnormal clinical and laboratory findings, not elsewhere classified"
3906,R03,,"Symptoms, signs and abnormal clinical and laboratory findings, not elsewhere classified"
3907,R04,,"Symptoms, signs and abnormal clinical and laboratory findings, not elsewhere classified"
3908,R05,,"Symptoms, signs and abnormal clinical and laboratory findings, not elsewhere classified"
3909,R06,,"Symptoms, signs and abnormal clinical and laboratory findings, not elsewhere classified"
3910,R07,,"Symptoms, signs and abnormal clinical and laboratory findings, not elsewhere classified"
3911,R08,,"Symptoms, signs and abnormal clinical and laboratory findings, not elsewhere classified"
3912,R09,,"Symptoms, signs and abnormal clinical and laboratory findings, not elsewhere classified"
3913,R10,,"Symptoms, signs and abnormal clinical and laboratory findings, not elsewhere classified"
3914,R11,,"Symptoms, signs and abnormal clinical and laboratory findings, not elsewhere classified"
3915,R12,,"Symptoms, signs and abnormal clinical and laboratory findings, not elsewhere classified"
3916,R13,,"Symptoms, signs and abnormal clinical and laboratory findings, not elsewhere classified"
3917,R14,,"Symptoms, signs and abnormal clinical and laboratory findings, not elsewhere classified"
3918,R15,,"Symptoms, signs and abnormal clinical and laboratory findings, not elsewhere classified"
3919,R16,,"Symptoms, signs and abnormal clinical and laboratory findings, not elsewhere classified"
3920,R17,,"Symptoms, signs and abnormal clinical and laboratory findings, not elsewhere classified"
3921,R18,,"Symptoms, signs and abnormal clinical and laboratory findings, not elsewhere classified"
3922,R19,,"Symptoms, signs and abnormal clinical and laboratory findings, not elsewhere classified"
3923,R20,,"Symptoms, signs and abnormal clinical and laboratory findings, not elsewhere classified"
3924,R21,,"Symptoms, signs and abnormal clinical and laboratory findings, not elsewhere classified"
3925,R22,,"Symptoms, signs and abnormal clinical and laboratory findings, not elsewhere classified"
3926,R23,,"Symptoms, signs and abnormal clinical and laboratory findings, not elsewhere classified"
3927,R24,,"Symptoms, signs and abnormal clinical and laboratory findings, not elsewhere classified"
3928,R25,,"Symptoms, signs and abnormal clinical and laboratory findings, not elsewhere classified"
3929,R26,,"Symptoms, signs and abnormal clinical and laboratory findings, not elsewhere classified"
3930,R27,,"Symptoms, signs and abnormal clinical and laboratory findings, not elsewhere classified"
3931,R28,,"Symptoms, signs and abnormal clinical and laboratory findings, not elsewhere classified"
3932,R29,,"Symptoms, signs and abnormal clinical and laboratory findings, not elsewhere classified"
3933,R30,,"Symptoms, signs and abnormal clinical and laboratory findings, not elsewhere classified"
3934,R31,,"Symptoms, signs and abnormal clinical and laboratory findings, not elsewhere classified"
3935,R32,,"Symptoms, signs and abnormal clinical and laboratory findings, not elsewhere classified"
3936,R33,,"Symptoms, signs and abnormal clinical and laboratory findings, not elsewhere classified"
3937,R34,,"Symptoms, signs and abnormal clinical and laboratory findings, not elsewhere classified"
3938,R35,,"Symptoms, signs and abnormal clinical and laboratory findings, not elsewhere classified"
3939,R36,,"Symptoms, signs and abnormal clinical and laboratory findings, not elsewhere classified"
3940,R37,,"Symptoms, signs and abnormal clinical and laboratory findings, not elsewhere classified"
3941,R38,,"Symptoms, signs and abnormal clinical and laboratory findings, not elsewhere classified"
3942,R39,,"Symptoms, signs and abnormal clinical and laboratory findings, not elsewhere classified"
3943,R40,,"Symptoms, signs and abnormal clinical and laboratory findings, not elsewhere classified"
3944,R41,,"Symptoms, signs and abnormal clinical and laboratory findings, not elsewhere classified"
3945,R42,,"Symptoms, signs and abnormal clinical and laboratory findings, not elsewhere classified"
3946,R43,,"Symptoms, signs and abnormal clinical and laboratory findings, not elsewhere classified"
3947,R44,,"Symptoms, signs and abnormal clinical and laboratory findings, not elsewhere classified"
3948,R45,,"Symptoms, signs and abnormal clinical and laboratory findings, not elsewhere classified"
3949,R46,,"Symptoms, signs and abnormal clinical and laboratory findings, not elsewhere classified"
3950,R47,,"Symptoms, signs and abnormal clinical and laboratory findings, not elsewhere classified"
3951,R48,,"Symptoms, signs and abnormal clinical and laboratory findings, not elsewhere classified"
3952,R49,,"Symptoms, signs and abnormal clinical and laboratory findings, not elsewhere classified"
3953,R50,,"Symptoms, signs and abnormal clinical and laboratory findings, not elsewhere classified"
3954,R51,,"Symptoms, signs and abnormal clinical and laboratory findings, not elsewhere classified"
3955,R52,,"Symptoms, signs and abnormal clinical and laboratory findings, not elsewhere classified"
3956,R53,,"Symptoms, signs and abnormal clinical and laboratory findings, not elsewhere classified"
3957,R54,,"Symptoms, signs and abnormal clinical and laboratory findings, not elsewhere classified"
3958,R55,,"Symptoms, signs and abnormal clinical and laboratory findings, not elsewhere classified"
3959,R56,,"Symptoms, signs and abnormal clinical and laboratory findings, not elsewhere classified"
3960,R57,,"Symptoms, signs and abnormal clinical and laboratory findings, not elsewhere classified"
3961,R58,,"Symptoms, signs and abnormal clinical and laboratory findings, not elsewhere classified"
3962,R59,,"Symptoms, signs and abnormal clinical and laboratory findings, not elsewhere classified"
3963,R60,,"Symptoms, signs and abnormal clinical and laboratory findings, not elsewhere classified"
3964,R61,,"Symptoms, signs and abnormal clinical and laboratory findings, not elsewhere classified"
3965,R62,,"Symptoms, signs and abnormal clinical and laboratory findings, not elsewhere classified"
3966,R63,,"Symptoms, signs and abnormal clinical and laboratory findings, not elsewhere classified"
3967,R64,,"Symptoms, signs and abnormal clinical and laboratory findings, not elsewhere classified"
3968,R65,,"Symptoms, signs and abnormal clinical and laboratory findings, not elsewhere classified"
3969,R66,,"Symptoms, signs and abnormal clinical and laboratory findings, not elsewhere classified"
3970,R67,,"Symptoms, signs and abnormal clinical and laboratory findings, not elsewhere classified"
3971,R68,,"Symptoms, signs and abnormal clinical and laboratory findings, not elsewhere classified"
3972,R69,,"Symptoms, signs and abnormal clinical and laboratory findings, not elsewhere classified"
3973,R70,,"Symptoms, signs and abnormal clinical and laboratory findings, not elsewhere classified"
3974,R71,,"Symptoms, signs and abnormal clinical and laboratory findings, not elsewhere classified"
3975,R72,,"Symptoms, signs and abnormal clinical and laboratory findings, not elsewhere classified"
3976,R73,,"Symptoms, signs and abnormal clinical and laboratory findings, not elsewhere classified"
3977,R74,,"Symptoms, signs and abnormal clinical and laboratory findings, not elsewhere classified"
3978,R75,,"Symptoms, signs and abnormal clinical and laboratory findings, not elsewhere classified"
3979,R76,,"Symptoms, signs and abnormal clinical and laboratory findings, not elsewhere classified"
3980,R77,,"Symptoms, signs and abnormal clinical and laboratory findings, not elsewhere classified"
3981,R78,,"Symptoms, signs and abnormal clinical and laboratory findings, not elsewhere classified"
3982,R79,,"Symptoms, signs and abnormal clinical and laboratory findings, not elsewhere classified"
3983,R80,,"Symptoms, signs and abnormal clinical and laboratory findings, not elsewhere classified"
3984,R81,,"Symptoms, signs and abnormal clinical and laboratory findings, not elsewhere classified"
3985,R82,,"Symptoms, signs and abnormal clinical and laboratory findings, not elsewhere classified"
3986,R83,,"Symptoms, signs and abnormal clinical and laboratory findings, not elsewhere classified"
3987,R84,,"Symptoms, signs and abnormal clinical and laboratory findings, not elsewhere classified"
3988,R85,,"Symptoms, signs and abnormal clinical and laboratory findings, not elsewhere classified"
3989,R86,,"Symptoms, signs and abnormal clinical and laboratory findings, not elsewhere classified"
3990,R87,,"Symptoms, signs and abnormal clinical and laboratory findings, not elsewhere classified"
3991,R88,,"Symptoms, signs and abnormal clinical and laboratory findings, not elsewhere classified"
3992,R89,,"Symptoms, signs and abnormal clinical and laboratory findings, not elsewhere classified"
3993,R90,,"Symptoms, signs and abnormal clinical and laboratory findings, not elsewhere classified"
3994,R91,,"Symptoms, signs and abnormal clinical and laboratory findings, not elsewhere classified"
3995,R92,,"Symptoms, signs and abnormal clinical and laboratory findings, not elsewhere classified"
3996,R93,,"Symptoms, signs and abnormal clinical and laboratory findings, not elsewhere classified"
3997,R94,,"Symptoms, signs and abnormal clinical and laboratory findings, not elsewhere classified"
3998,R95,,"Symptoms, signs and abnormal clinical and laboratory findings, not elsewhere classified"
3999,R96,,"Symptoms, signs and abnormal clinical and laboratory findings, not elsewhere classified"
4000,R97,,"Symptoms, signs and abnormal clinical and laboratory findings, not elsewhere classified"
4001,R98,,"Symptoms, signs and abnormal clinical and laboratory findings, not elsewhere classified"
4002,R99,,"Symptoms, signs and abnormal clinical and laboratory findings, not elsewhere classified"
4003,V01,,Transport accidents
4004,V02,,Transport accidents
4005,V03,,Transport accidents
4006,V04,,Transport accidents
4007,V05,,Transport accidents
4008,V06,,Transport accidents
4009,V07,,Transport accidents
4010,V08,,Transport accidents
4011,V09,,Transport accidents
4012,V10,,Transport accidents
4013,V11,,Transport accidents
4014,V12,,Transport accidents
4015,V13,,Transport accidents
4016,V14,,Transport accidents
4017,V15,,Transport accidents
4018,V16,,Transport accidents
4019,V17,,Transport accidents
4020,V18,,Transport accidents
4021,V19,,Transport accidents
4022,V20,,Transport accidents
4023,V21,,Transport accidents
4024,V22,,Transport accidents
4025,V23,,Transport accidents
4026,V24,,Transport accidents
4027,V25,,Transport accidents
4028,V26,,Transport accidents
4029,V27,,Transport accidents
4030,V28,,Transport accidents
4031,V29,,Transport accidents
4032,V30,,Transport accidents
4033,V31,,Transport accidents
4034,V32,,Transport accidents
4035,V33,,Transport accidents
4036,V34,,Transport accidents
4037,V35,,Transport accidents
4038,V36,,Transport accidents
4039,V37,,Transport accidents
4040,V38,,Transport accidents
4041,V39,,Transport accidents
4042,V40,,Transport accidents
4043,V41,,Transport accidents
4044,V42,,Transport accidents
4045,V43,,Transport accidents
4046,V44,,Transport accidents
4047,V45,,Transport accidents
4048,V46,,Transport accidents
4049,V47,,Transport accidents
4050,V48,,Transport accidents
4051,V49,,Transport accidents
4052,V50,,Transport accidents
4053,V51,,Transport accidents
4054,V52,,Transport accidents
4055,V53,,Transport accidents
4056,V54,,Transport accidents
4057,V55,,Transport accidents
4058,V56,,Transport accidents
4059,V57,,Transport accidents
4060,V58,,Transport accidents
4061,V59,,Transport accidents
4062,V60,,Transport accidents
4063,V61,,Transport accidents
4064,V62,,Transport accidents
4065,V63,,Transport accidents
4066,V64,,Transport accidents
4067,V65,,Transport accidents
4068,V66,,Transport accidents
4069,V67,,Transport accidents
4070,V68,,Transport accidents
4071,V69,,Transport accidents
4072,V70,,Transport accidents
4073,V71,,Transport accidents
4074,V72,,Transport accidents
4075,V73,,Transport accidents
4076,V74,,Transport accidents
4077,V75,,Transport accidents
4078,V76,,Transport accidents
4079,V77,,Transport accidents
4080,V78,,Transport accidents
4081,V79,,Transport accidents
4082,V80,,Transport accidents
4083,V81,,Transport accidents
4084,V82,,Transport accidents
4085,V83,,Transport accidents
4086,V84,,Transport accidents
4087,V85,,Transport accidents
4088,V86,,Transport accidents
4089,V87,,Transport accidents
4090,V88,,Transport accidents
4091,V89,,Transport accidents
4092,V90,,Transport accidents
4093,V91,,Transport accidents
4094,V92,,Transport accidents
4095,V93,,Transport accidents
4096,V94,,Transport accidents
4097,V95,,Transport accidents
4098,V96,,Transport accidents
4099,V97,,Transport accidents
4100,V98,,Transport accidents
4101,V99,,Transport accidents
4102,W00,,Falls
4103,W01,,Falls
4104,W02,,Falls
4105,W03,,Falls
4106,W04,,Falls
4107,W05,,Falls
4108,W06,,Falls
4109,W07,,Falls
4110,W08,,Falls
4111,W09,,Falls
4112,W10,,Falls
4113,W11,,Falls
4114,W12,,Falls
4115,W13,,Falls
4116,W14,,Falls
4117,W15,,Falls
4118,W16,,Falls
4119,W17,,Falls
4120,W18,,Falls
4121,W19,,Falls
4122,W20,,All other external causes
4123,W21,,All other external causes
4124,W22,,All other external causes
4125,W23,,All other external causes
4126,W24,,All other external causes
4127,W25,,All other external causes
4128,W26,,All other external causes
4129,W27,,All other external causes
4130,W28,,All other external causes
4131,W29,,All other external causes
4132,W30,,All other external causes
4133,W31,,All other external causes
4134,W32,,All other external causes
4135,W33,,All other external causes
4136,W34,,All other external causes
4137,W35,,All other external causes
4138,W36,,All other external causes
4139,W37,,All other external causes
4140,W38,,All other external causes
4141,W39,,All other external causes
4142,W40,,All other external causes
4143,W41,,All other external causes
4144,W42,,All other external causes
4145,W43,,All other external causes
4146,W44,,All other external causes
4147,W45,,All other external causes
4148,W46,,All other external causes
4149,W47,,All other external causes
4150,W48,,All other external causes
4151,W49,,All other external causes
4152,W50,,All other external causes
4153,W51,,All other external causes
4154,W52,,All other external causes
4155,W53,,All other external causes
4156,W54,,All other external causes
4157,W55,,All other external causes
4158,W56,,All other external causes
4159,W57,,All other external causes
4160,W58,,All other external causes
4161,W59,,All other external causes
4162,W60,,All other external causes
4163,W61,,All other external causes
4164,W62,,All other external causes
4165,W63,,All other external causes
4166,W64,,All other external causes
4167,W65,,Accidental drowning and submersion
4168,W66,,Accidental drowning and submersion
4169,W67,,Accidental drowning and submersion
4170,W68,,Accidental drowning and submersion
4171,W69,,Accidental drowning and submersion
4172,W70,,Accidental drowning and submersion
4173,W71,,Accidental drowning and submersion
4174,W72,,Accidental drowning and submersion
4175,W73,,Accidental drowning and submersion
4176,W74,,Accidental drowning and submersion
4177,W75,,All other external causes
4178,W76,,All other external causes
4179,W77,,All other external causes
4180,W78,,All other external causes
4181,W79,,All other external causes
4182,W80,,All other external causes
4183,W81,,All other external causes
4184,W82,,All other external causes
4185,W83,,All other external causes
4186,W84,,All other external causes
4187,W85,,All other external causes
4188,W86,,All other external causes
4189,W87,,All other external causes
4190,W88,,All other external causes
4191,W89,,All other external causes
4192,W90,,All other external causes
4193,W91,,All other external causes
4194,W92,,All other external causes
4195,W93,,All other external causes
4196,W94,,All other external causes
4197,W95,,All other external causes
4198,W96,,All other external causes
4199,W97,,All other external causes
4200,W98,,All other external causes
4201,W99,,All other external causes
4202,X00,,"Exposure to smoke, fire and flames"
4203,X01,,"Exposure to smoke, fire and flames"
4204,X02,,"Exposure to smoke, fire and flames"
4205,X03,,"Exposure to smoke, fire and flames"
4206,X04,,"Exposure to smoke, fire and flames"
4207,X05,,"Exposure to smoke, fire and flames"
4208,X06,,"Exposure to smoke, fire and flames"
4209,X07,,"Exposure to smoke, fire and flames"
4210,X08,,"Exposure to smoke, fire and flames"
4211,X09,,"Exposure to smoke, fire and flames"
4212,X10,,All other external causes
4213,X11,,All other external causes
4214,X12,,All other external causes
4215,X13,,All other external causes
4216,X14,,All other external causes
4217,X15,,All other external causes
4218,X16,,All other external causes
4219,X17,,All other external causes
4220,X18,,All other external causes
4221,X19,,All other external causes
4222,X20,,All other external causes
4223,X21,,All other external causes
4224,X22,,All other external causes
4225,X23,,All other external causes
4226,X24,,All other external causes
4227,X25,,All other external causes
4228,X26,,All other external causes
4229,X27,,All other external causes
4230,X28,,All other external causes
4231,X29,,All other external causes
4232,X30,,All other external causes
4233,X31,,All other external causes
4234,X32,,All other external causes
4235,X33,,All other external causes
4236,X34,,All other external causes
4237,X35,,All other external causes
4238,X36,,All other external causes
4239,X37,,All other external causes
4240,X38,,All other external causes
4241,X39,,All other external causes
4242,X40,,Accidental poisoning by and exposure to noxious substances
4243,X41,,Accidental poisoning by and exposure to noxious substances
4244,X42,,Accidental poisoning by and exposure to noxious substances
4245,X43,,Accidental poisoning by and exposure to noxious substances
4246,X44,,Accidental poisoning by and exposure to noxious substances
4247,X45,,Accidental poisoning by and exposure to noxious substances
4248,X46,,Accidental poisoning by and exposure to noxious substances
4249,X47,,Accidental poisoning by and exposure to noxious substances
4250,X48,,Accidental poisoning by and exposure to noxious substances
4251,X49,,Accidental poisoning by and exposure to noxious substances
4252,X50,,All other external causes
4253,X51,,All other external causes
4254,X52,,All other external causes
4255,X53,,All other external causes
4256,X54,,All other external causes
4257,X55,,All other external causes
4258,X56,,All other external causes
4259,X57,,All other external causes
4260,X58,,All other external causes
4261,X59,,All other external causes
4262,X60,,Intentional self-harm
4263,X61,,Intentional self-harm
4264,X62,,Intentional self-harm
4265,X63,,Intentional self-harm
4266,X64,,Intentional self-harm
4267,X65,,Intentional self-harm
4268,X66,,Intentional self-harm
4269,X67,,Intentional self-harm
4270,X68,,Intentional self-harm
4271,X69,,Intentional self-harm
4272,X70,,Intentional self-harm
4273,X71,,Intentional self-harm
4274,X72,,Intentional self-harm
4275,X73,,Intentional self-harm
4276,X74,,Intentional self-harm
4277,X75,,Intentional self-harm
4278,X76,,Intentional self-harm
4279,X77,,Intentional self-harm
4280,X78,,Intentional self-harm
4281,X79,,Intentional self-harm
4282,X80,,Intentional self-harm
4283,X81,,Intentional self-harm
4284,X82,,Intentional self-harm
4285,X83,,Intentional self-harm
4286,X84,,Intentional self-harm
4287,X85,,Assault
4288,X86,,Assault
4289,X87,,Assault
4290,X88,,Assault
4291,X89,,Assault
4292,X90,,Assault
4293,X91,,Assault
4294,X92,,Assault
4295,X93,,Assault
4296,X94,,Assault
4297,X95,,Assault
4298,X96,,Assault
4299,X97,,Assault
4300,X98,,Assault
4301,X99,,Assault
4302,Y00,,Assault
4303,Y01,,Assault
4304,Y02,,Assault
4305,Y03,,Assault
4306,Y04,,Assault
4307,Y05,,Assault
4308,Y06,,Assault
4309,Y07,,Assault
4310,Y08,,Assault
4311,Y09,,Assault
4312,Y10,,All other external causes
4313,Y11,,All other external causes
4314,Y12,,All other external causes
4315,Y13,,All other external causes
4316,Y14,,All other external causes
4317,Y15,,All other external causes
4318,Y16,,All other external causes
4319,Y17,,All other external causes
4320,Y18,,All other external causes
4321,Y19,,All other external causes
4322,Y20,,All other external causes
4323,Y21,,All other external causes
4324,Y22,,All other external causes
4325,Y23,,All other external causes
4326,Y24,,All other external causes
4327,Y25,,All other external causes
4328,Y26,,All other external causes
4329,Y27,,All other external causes
4330,Y28,,All other external causes
4331,Y29,,All other external causes
4332,Y30,,All other external causes
4333,Y31,,All other external causes
4334,Y32,,All other external causes
4335,Y33,,All other external causes
4336,Y34,,All other external causes
4337,Y35,,All other external causes
4338,Y36,,All other external causes
4339,Y37,,All other external causes
4340,Y38,,All other external causes
4341,Y39,,All other external causes
4342,Y40,,All other external causes
4343,Y41,,All other external causes
4344,Y42,,All other external causes
4345,Y43,,All other external causes
4346,Y44,,All other external causes
4347,Y45,,All other external causes
4348,Y46,,All other external causes
4349,Y47,,All other external causes
4350,Y48,,All other external causes
4351,Y49,,All other external causes
4352,Y50,,All other external causes
4353,Y51,,All other external causes
4354,Y52,,All other external causes
4355,Y53,,All other external causes
4356,Y54,,All other external causes
4357,Y55,,All other external causes
4358,Y56,,All other external causes
4359,Y57,,All other external causes
4360,Y58,,All other external causes
4361,Y59,,All other external causes
4362,Y60,,All other external causes
4363,Y61,,All other external causes
4364,Y62,,All other external causes
4365,Y63,,All other external causes
4366,Y64,,All other external causes
4367,Y65,,All other external causes
4368,Y66,,All other external causes
4369,Y67,,All other external causes
4370,Y68,,All other external causes
4371,Y69,,All other external causes
4372,Y70,,All other external causes
4373,Y71,,All other external causes
4374,Y72,,All other external causes
4375,Y73,,All other external causes
4376,Y74,,All other external causes
4377,Y75,,All other external causes
4378,Y76,,All other external causes
4379,Y77,,All other external causes
4380,Y78,,All other external causes
4381,Y79,,All other external causes
4382,Y80,,All other external causes
4383,Y81,,All other external causes
4384,Y82,,All other external causes
4385,Y83,,All other external causes
4386,Y84,,All other external causes
4387,Y85,,All other external causes
4388,Y86,,All other external causes
4389,Y87,,All other external causes
4390,Y88,,All other external causes
4391,Y89,,All other external causes
